Date,DB하이텍,KEC,SFA반도체,SK하이닉스,광전자,네패스,다믈멀티미디어,덕산하이메탈,동운아나텍,라닉스,럭스피아,루멘스,미코,바른전자,비보존 헬스케어,서울반도체,시그네틱스,신성이엔지,실리콘웍스,써니전자,아나패스,아이앤씨,아이케이세미콘,아진엑스텍,알에프세미,알파홀딩스,앤씨앤,어보브반도체,에스엘바이오닉스,에이디테크놀로지,에이티세미콘,엔시트론,엘디티,엘비세미콘,오디텍,우리이앤엘,윈팩,유양디앤유,이미지스,일진디스플,제주반도체,지니틱스,지스마트글로벌,코아시아,큐에스아이,크로바하이텍,클라우드에어,테라셈,텔레칩스,티엘아이,파커스,피델릭스,하나마이크론,하나머티리얼즈,한양디지텍,현대에너지솔루션
2020-01-02,27900,1060,4325,94700,2155,24850,4705,7670,6821,7320,1000,3080,5800,1005,2060,16100,1155,954,39300,5000,30450,5290,4270,5146,5530,6970,2310,7210,2570,18526,743,1995,2895,8080,4930,1070,2100,9920,2785,3359,4325,2900,3340,6980,13650,2485,2135,3140,11350,4995,2795,1615,5510,18450,5980,16500
2020-01-03,27600,1060,4300,94500,2165,26700,4975,7730,6931,7220,990,3260,5700,1005,2530,16600,1150,956,39550,5660,31700,5210,4235,5307,5650,7210,2400,7160,2620,18618,742,2020,2865,8190,4935,1080,2090,9890,2795,3373,4365,2850,3430,6900,13900,2485,2155,3330,11050,5020,2770,1670,5460,18250,5980,16200
2020-01-06,28000,1020,4345,94300,2110,26800,4795,8010,6674,8850,990,3030,5600,1005,2475,16200,1140,934,40100,5660,31500,5180,4235,5563,5750,6970,2340,7120,2510,19168,750,1950,2800,8000,4785,1120,2065,9580,2760,3312,4350,2760,3220,6900,13950,2485,2045,2990,10900,5040,2740,1665,5510,18150,5850,15900
2020-01-07,28000,1035,4285,94000,2125,25750,4590,7940,6747,8980,995,2920,5550,1005,2270,16100,1160,945,42700,5350,31500,5000,4190,5765,5740,7040,2450,7120,2515,19168,790,1995,2790,7840,4810,1085,2030,9520,2750,3284,4515,2750,3180,6740,13750,2485,2070,2950,10950,5150,2785,1680,5640,18250,5830,17000
2020-01-08,28950,995,4180,97400,2050,24300,4435,7760,6729,8430,965,2870,5270,1005,2105,16000,1105,923,40200,5410,30200,4660,4190,5644,5470,6680,2275,7430,2320,17884,772,1910,2710,7940,4600,988,1990,8620,2665,3139,4320,2550,2410,6370,13350,2485,1985,2950,10500,5210,2715,1575,5830,18550,5730,17250
2020-01-09,29050,1040,4490,99000,2090,25000,4665,8000,6958,8730,995,2895,5530,1005,2220,16200,1185,967,42800,5690,31400,4865,4800,5812,5660,6830,2375,7640,2710,19535,826,1960,2760,8190,4800,1150,2170,9180,2750,3280,4450,2630,2310,6890,14550,2485,2140,2945,11100,5190,2755,1630,6110,19450,5950,19350
2020-01-10,28150,1055,4400,98900,2155,24500,4975,7880,7215,8980,1120,2695,5700,1005,2230,16100,1185,995,42450,6010,30550,4830,4965,5724,5720,7000,2360,7590,2710,20452,842,1990,2800,8060,4825,1190,2140,9350,2760,3312,4440,2680,2380,6860,14250,2485,2160,2190,11400,5070,2750,1660,6100,19100,5860,19500
2020-01-13,28800,1060,4435,100500,2165,25700,5060,7940,7068,9120,1100,2765,5760,1005,2380,16200,1180,1000,41600,5920,31100,4965,4945,5704,5780,7020,2470,7580,2710,19856,860,2010,2810,8350,4870,1300,2140,9990,2825,3331,4345,2750,2340,7390,14100,2485,2145,2110,11350,5100,2765,1680,6020,18500,5840,18700
2020-01-14,30150,1070,4500,100500,2150,25700,4955,8030,7114,9010,935,2550,5680,1005,2395,16500,1180,991,40750,6180,30750,5040,5620,5603,5790,6960,2495,7700,2710,22654,860,2010,2845,8420,4870,1300,2110,9740,2890,3312,4420,2730,2340,7450,14400,2485,2135,2105,11150,5120,2755,1660,6360,18300,5850,20000
2020-01-15,28800,1080,4495,98200,2230,25150,4830,7790,6931,9300,795,2570,5740,1005,2230,16050,1215,999,40550,6040,31050,5150,4780,5684,5770,7130,2515,7590,2710,24167,862,2015,2845,8440,4870,1425,2110,9730,3000,3561,4380,2875,2370,8230,14500,2485,2150,2025,11050,5110,2790,1665,6460,18150,5830,20500
2020-01-16,29100,1080,4605,99200,2235,26450,4815,7950,7059,8970,914,2535,5900,1005,2365,16000,1170,996,41150,5810,30900,5190,4500,5792,5810,7220,2520,7850,2710,25634,855,1985,2845,8500,4850,1380,2160,9590,3015,3964,4320,3030,2290,7910,15000,2485,2155,2000,11150,5110,2785,1725,6520,18500,5740,19900
2020-01-17,28450,1070,4685,99000,2235,25850,5100,7950,6940,8720,995,2560,5920,1005,2360,16000,1160,996,42000,6010,32900,5230,4395,5832,5730,7070,2430,7790,2710,25222,839,1990,2845,8690,4900,1300,2220,9810,3045,4161,4295,3245,2350,7910,15050,2485,2195,2000,11100,5110,2780,1715,6500,20200,5660,20100
2020-01-20,29000,1060,5390,99900,2195,26450,4150,7730,6830,8620,949,2530,5680,1005,2245,15500,1165,994,41300,5040,32900,5240,3740,5805,5750,7150,2390,7850,2710,25222,832,1955,2860,8620,4895,1270,2140,9630,3050,4245,4340,3310,2280,7520,14800,2485,2115,2005,11150,5010,2770,1635,6730,19650,5700,19700
2020-01-21,29100,1060,5490,99300,2150,25900,3965,8160,7050,8480,1070,2585,5430,1005,2145,15750,1130,979,39600,4825,32900,5270,3740,5664,5680,7000,2320,7720,2710,25680,820,1900,2880,8370,5030,1220,2140,10000,2995,4207,4200,3165,2220,7510,14650,2485,2060,2010,11150,5020,2745,1610,6730,19400,5690,19750
2020-01-22,31300,1075,5610,101000,2175,26650,4000,8340,7078,8680,1000,2810,5600,1005,2145,15650,1150,976,38750,4910,31600,5690,4085,5832,5710,7000,2350,8100,2710,28432,874,1940,2970,8470,5150,1265,2200,10120,3010,4760,4115,3335,2260,7760,15250,2485,2130,2015,11400,5200,2735,1640,6810,19500,5810,19450
2020-01-23,30300,1060,5860,98700,2175,26600,3920,8600,7518,8580,950,2790,5660,1005,2145,15350,1150,961,39300,4850,31600,5770,4085,5778,5720,6900,2350,8070,2710,28615,860,1940,2895,8330,5130,1255,2180,9820,3005,5126,4125,3410,2200,8190,16850,2485,2150,2020,11400,5220,2745,1640,6630,19500,5720,19200
2020-01-28,29800,1030,5870,96300,2085,25850,3905,8110,7123,8080,899,2575,5320,1005,2170,14950,1120,928,38050,4810,29900,5620,4085,5455,5510,6750,2210,7780,2710,29441,800,1930,2895,8000,5040,1170,2085,9270,2950,5322,4030,3200,2060,8200,17300,2485,2015,2000,10800,5120,2735,1575,6550,18900,5500,19200
2020-01-29,29350,1035,5850,97900,2110,25300,3840,8110,7555,8220,899,2755,5460,1005,2105,15000,1110,942,38650,4615,29650,5620,4085,5711,5600,7020,2310,7680,2710,28615,797,1930,3015,8120,5010,1180,2050,9370,2920,5379,4035,3320,2160,8610,17250,2485,1995,2000,11000,5060,2705,1580,6530,18700,5560,19200
2020-01-30,28850,1005,6210,94000,2060,25200,3695,8180,7601,7910,765,2570,6850,1005,2050,14800,1055,923,37150,4535,28500,5370,4085,5415,5370,6730,2285,7470,2710,26873,777,1885,2955,7840,4850,1190,1920,8580,2880,5276,3810,3100,2090,7950,17250,2485,1900,2000,10750,5010,2700,1535,6650,18000,5360,18250
2020-01-31,27350,997,5630,93500,2050,23700,3670,7830,7647,7510,878,2415,6440,1005,1940,14400,1045,889,37100,4415,27600,5180,4695,5361,5100,6600,2275,7190,2575,25451,769,1835,2865,7840,4680,1090,1870,8140,2925,5472,3700,2840,2000,7950,17550,2485,1885,1985,10600,4950,2700,1510,6120,17750,5320,18550
2020-02-03,28800,982,6030,94700,2000,23650,3875,8020,8179,7690,940,2480,5640,1005,2060,14500,1030,871,37350,4600,27900,5230,5390,5428,5100,6420,2370,7310,2985,27331,777,1800,2875,8080,4670,1160,1950,8190,3020,5341,3850,2945,1960,7940,17350,2485,1890,1930,10750,4900,2670,1470,6280,17800,5260,18400
2020-02-04,29150,1020,5990,97100,2055,25000,3970,8250,8372,8210,799,2525,5790,1005,1975,14900,1070,890,38800,4715,28500,5390,4590,5536,5390,6590,2450,8300,2830,27652,800,1810,2975,8230,4810,1180,2035,8470,3040,5332,3990,3040,2000,7920,17250,2485,2045,1940,11150,4990,2700,1495,6360,17900,5400,17850
2020-02-05,28300,1030,5930,97700,2055,25000,4060,8000,8243,8300,849,2485,5920,1005,1940,15450,1075,914,38700,4625,28800,5210,4500,5462,5440,6980,2415,9030,2800,26552,800,1820,2900,8250,4830,1170,1995,8370,2980,5744,3940,3000,1990,7940,16950,2485,2050,1940,11250,4945,2700,1530,6190,17500,5380,18100
2020-02-06,28800,1040,6140,100500,2090,25150,3995,8150,8179,8470,849,2550,6140,1005,1970,15400,1085,967,38600,4670,28650,5230,3825,5482,5430,7070,2415,9240,2840,27194,807,1840,2940,8480,4870,1180,2015,8630,3030,5210,4005,3205,2020,8100,18500,2485,2010,1905,11300,4945,2690,1540,6630,17750,5200,22450
2020-02-07,28300,1060,6090,99300,2060,24850,3990,8130,8005,8510,936,2515,6890,1005,1925,15300,1070,980,37450,4765,28000,5150,3825,5348,5460,7010,2365,9540,3000,26001,803,1825,2900,8360,4870,1215,2000,8570,3020,5201,3980,3215,1980,8150,18300,2485,2010,1905,11150,4955,2690,1525,6420,17300,5200,21650
2020-02-10,29050,1070,6110,98800,2070,25100,3830,8000,7683,8810,935,2530,6660,1005,1870,15250,1060,970,38150,4505,28000,5130,3825,5146,5400,6890,2490,9450,3240,24947,787,1825,2925,8350,5010,1215,1990,8450,3000,4901,3990,3195,1930,7730,18250,2485,1980,1835,11200,4950,2640,1535,6240,17450,5070,22100
2020-02-11,28000,1100,6340,99800,2090,25200,3900,7930,7885,9120,1050,2645,6850,1005,1850,15400,1090,992,38400,4530,28150,5350,3930,5206,5510,6850,2945,9700,3345,23938,795,1760,2950,8330,5170,1200,2010,8480,3040,4929,3980,3045,1890,7440,18800,2485,1970,1850,11250,4930,2670,1545,6200,17300,5090,22850
2020-02-12,28700,1100,6150,100000,2115,26650,3945,8110,7674,9160,895,2670,6430,1005,1865,15550,1090,982,38500,4465,29700,5240,3930,5267,5660,6830,3000,9540,3350,24121,800,1850,2895,8620,5120,1200,2090,8410,3030,4681,4020,3175,1920,7270,19950,2485,2010,2020,10250,4915,2680,1565,6670,17650,5230,21700
2020-02-13,29850,1085,6200,102000,2120,26500,3975,8180,7261,8800,765,2750,6340,1005,1810,17500,1095,973,38500,4475,29800,5190,3925,5422,6510,6790,2725,9310,3355,25176,793,1850,3020,8590,5100,1205,2035,8280,3055,4451,3990,3115,1940,7500,19600,2485,1975,2060,10050,4910,2680,1560,6530,19150,5220,20800
2020-02-14,30150,1100,6100,104500,2110,27950,3995,8240,7362,9170,869,2855,6780,1005,1820,18800,1120,970,38300,4530,30750,5280,3925,5422,6190,6690,2755,9610,3370,25680,780,1790,3120,9230,5230,1150,2075,8340,3050,4788,4015,3285,1940,7880,21700,2485,2020,2055,10100,4910,2685,1540,6640,20000,5330,20700
2020-02-17,29850,1065,6280,105000,2090,28500,3760,8420,7775,9140,850,2860,6550,1005,1820,18950,1115,960,38900,4500,31700,5230,3925,5684,6180,6640,2920,9890,3405,25864,762,1785,3105,9230,5280,1145,2070,8130,3040,4592,4115,3260,1910,7840,23050,2485,2015,2030,10500,4895,2665,1550,6990,20200,5460,21700
2020-02-18,28700,1060,6050,102000,2045,28050,3755,8080,7619,8680,750,2770,6660,1005,1735,18950,1060,941,37600,4445,31550,4960,3920,5630,5980,6520,2740,9270,2700,25818,722,1810,3185,8790,5150,1130,2020,8280,3080,4371,3905,3140,1830,8000,22550,2485,1955,1960,10400,4860,2650,1550,6680,19650,5330,21750
2020-02-19,28700,1045,6110,103500,2065,31250,3780,8140,7463,8600,708,2680,6930,1005,1790,18200,1045,931,37500,4445,31500,4965,3920,5610,5910,6400,2690,9580,2720,29349,713,1845,3225,8920,5230,1115,2020,8040,3035,4414,3985,3085,1810,8700,21850,2485,1935,2045,10350,4855,2650,1540,6930,19600,5250,23150
2020-02-20,28550,1015,6120,104000,2050,31300,3700,8120,7270,8670,814,2595,6550,1005,1745,18100,1020,964,37800,4350,32050,4800,3895,5536,5890,6270,2695,9650,2200,30174,676,1890,3200,8730,5120,1135,2105,8180,3075,4512,3910,3070,1810,8880,20950,2485,1845,2000,10350,4855,2650,1520,6930,19300,5250,25950
2020-02-21,27800,1015,6210,103000,2030,30900,3530,7980,7298,8210,720,2515,6440,1005,1715,17850,1010,940,36950,4200,30850,4685,3895,5341,5810,6190,2575,9270,2060,28982,639,1895,3030,8340,5010,1060,2200,7700,3025,4104,3700,3000,1700,8420,20450,2485,1795,1970,10200,4810,2650,1495,6690,18250,5130,26900
2020-02-24,27000,956,5850,99500,1950,30550,3365,7550,6848,7930,819,2360,6290,1005,1710,16950,937,907,35100,4055,29200,4380,4450,5146,5520,5830,2375,9240,1630,26781,603,1770,2880,7820,4685,999,2180,5390,2930,3992,3280,2855,1600,7750,20400,2485,1680,1925,9390,4710,2600,1450,6270,17500,4780,26400
2020-02-25,27750,980,6120,98000,1960,31650,3400,7720,7004,8280,819,2400,6390,1005,1770,17200,964,912,34400,4240,29400,4445,4440,4957,5680,6270,2425,9480,1745,28523,629,1790,2955,8050,4800,1050,2345,3780,2980,4151,3315,2990,1740,8130,20250,2485,1735,1940,9560,4770,2630,1430,6620,17800,5030,28000
2020-02-26,27300,960,5950,94600,1960,31350,3330,7550,6563,8110,813,2255,6840,1005,1725,17050,970,907,34900,4165,28800,4325,4435,4897,5530,6350,2310,9320,1695,28707,617,1840,2905,7810,4685,1055,2345,3980,2955,4151,3305,2985,1790,7880,20250,2485,1715,1930,9390,4850,2615,1395,6420,17350,4890,29600
2020-02-27,25700,915,5650,92800,1930,29750,3185,7110,6013,7980,910,2070,8350,1005,1665,15850,935,896,34700,3920,27400,4200,3770,4735,5310,6100,2235,8800,1610,26322,607,1835,2830,7250,4480,1050,2240,3350,2910,3903,3100,2880,1690,7580,14200,2485,1620,1940,9090,4860,2585,1370,6050,16350,4800,26800
2020-02-28,23800,853,5580,87900,1805,29200,2850,6780,5609,7510,1025,2020,7680,1005,1645,14950,853,859,32950,3750,25500,3915,3770,4527,5000,5720,2085,8300,1480,24580,601,1780,2685,6880,4195,994,2080,3470,2640,3701,2925,2650,1590,7250,14300,2485,1575,1920,8280,4645,2475,1245,5780,16000,4635,26200
2020-03-02,25650,889,5760,92100,1890,31300,3120,6910,5820,7610,875,2130,7740,1005,1660,15900,897,865,33800,4030,26200,4110,4335,4655,5080,5730,2145,8500,1570,25955,619,1800,2635,7330,4210,1025,2130,3900,2650,3973,3005,2820,1630,7470,17150,2485,1575,2010,8510,4795,2520,1280,6290,16900,4650,26950
2020-03-03,25200,885,5600,92800,1900,30550,3110,6810,5774,7600,971,2080,7330,1005,1740,15300,914,881,34450,4150,26650,4160,4955,4688,5200,6040,2170,8300,1635,25910,605,1795,2670,7460,4280,1000,2130,4210,2645,3903,3060,2865,1670,7360,15850,2485,1580,2025,8910,4780,2585,1300,6230,16800,4795,26800
2020-03-04,25800,908,5870,94300,1940,33450,3250,7020,5976,8640,992,2200,7250,1005,1760,16100,935,909,35250,4250,27600,4145,4285,4796,5400,6400,2365,8830,1625,28340,622,1795,2705,7770,4345,1060,2150,4450,2650,4114,3185,2960,1710,7830,17000,2485,1595,2095,9280,4845,2660,1330,6520,17650,4925,27800
2020-03-05,25650,918,5940,94900,1960,35850,3400,7050,5994,8560,845,2205,7200,1005,1770,16100,953,918,35800,4260,28450,4150,3695,4930,5450,6400,2365,8810,1585,31642,640,1775,2665,8110,5300,1045,2145,4260,2730,4048,3265,2980,1720,7850,18250,2485,1645,2090,9530,4840,2670,1350,6740,18000,4970,28000
2020-03-06,25300,910,5780,92600,1945,37050,3315,6890,5756,8300,935,2140,7740,1005,1700,15400,934,907,35500,4125,27150,4030,4235,4735,5280,6310,2320,8850,1545,31688,610,1760,2680,7950,4560,1025,2050,4190,2725,3931,3220,2925,1690,7830,19100,2485,1570,2210,9470,4940,2575,1325,6510,17700,5030,26950
2020-03-09,23850,857,5430,86900,1820,36000,3115,6480,5278,7660,795,1980,9180,1005,1550,14350,874,866,33700,3850,26150,3770,3600,4493,4905,5900,2210,8430,1470,28386,595,1605,2675,7340,4285,973,1870,3840,2610,3664,3040,2750,1540,7440,16350,2485,1380,2465,9290,4850,2515,1280,6090,16550,4895,21900
2020-03-10,24700,845,5590,89100,1825,36150,3235,6510,5480,8500,795,1995,8050,1005,1590,14850,857,869,34600,3940,25800,3885,3600,4534,4905,5890,2330,8960,1470,28753,592,1825,2690,7610,4235,983,1950,4180,2570,3687,3150,2765,1500,7330,16050,2485,1415,2620,9260,4830,2510,1260,6400,16800,4710,23100
2020-03-11,22950,814,5190,85500,1725,34050,3080,6190,4856,7920,913,1875,9320,1005,1510,14250,803,844,34050,3740,24000,3725,3600,4258,4680,5740,2350,8300,1400,26460,577,1875,2660,7100,4100,933,1800,3950,2590,3476,3060,2650,1450,6740,15200,2485,1325,3140,8910,4725,2475,1195,6060,16200,4520,21750
2020-03-12,22150,747,5180,82800,1615,34850,2850,5550,4480,7160,887,1715,9000,1005,1500,13150,730,770,31850,3470,19700,3500,3600,3807,4210,5370,2155,7590,1270,25589,543,1860,2465,6650,3800,865,1665,3690,2370,3163,2830,2450,1320,6300,13900,2485,1175,2650,8280,4530,2150,1065,5660,14700,4125,22800
2020-03-13,20950,663,4755,82500,1525,35100,2450,4960,4090,6390,848,1550,7500,1005,1430,12700,652,690,30950,3040,16000,3085,3595,3360,3605,4655,2050,7000,969,24442,515,1765,2340,5920,3420,792,1600,3650,2070,2825,2620,2070,1170,5700,10650,2485,957,2645,7530,4140,1995,950,5230,13800,3605,22400
2020-03-16,18950,624,4385,80600,1425,29900,2480,4750,3718,5740,844,1490,7600,1005,1340,12000,600,683,29350,3095,14300,2905,3595,3101,3490,4350,1945,6150,970,21094,501,1740,2105,5460,3200,732,1455,3500,2025,2642,2580,1910,1180,5140,10100,2485,985,2570,6890,4000,1920,950,4500,12700,3480,19650
2020-03-17,18800,627,4570,80400,1380,31000,2435,4740,3621,6440,718,1435,7650,1005,1210,12100,565,675,31250,3120,13900,2995,3595,3161,3455,4305,1840,6210,895,21691,500,1600,2020,5790,3050,723,1450,3720,1910,2614,2650,1835,1150,5140,10600,2485,1045,2540,6760,4000,1880,950,4420,12800,3500,20150
2020-03-18,16550,610,4300,73100,1320,29050,2210,4400,3282,5910,639,1335,7940,1005,1095,11100,528,670,27000,2800,11650,2800,3700,3175,3210,4095,1660,5750,870,21003,465,1415,1920,5160,2895,690,1320,3480,1855,2343,2650,1650,1080,4990,10150,2485,1125,2500,6100,4020,1890,954,3710,11550,3240,18000
2020-03-19,15000,513,3905,69000,1130,28800,1810,3200,2754,5040,570,1060,7160,1005,880,10150,410,575,24000,2205,9280,2360,4000,2482,2900,4000,1250,4900,629,18435,398,995,1665,4280,2425,532,1120,2440,1425,1851,2130,1210,800,4200,8590,2485,1265,2400,4670,3330,1350,839,3190,10100,2735,14300
2020-03-20,17300,541,4195,74800,1195,30600,1955,4155,2924,5620,572,1120,7300,1005,1010,10800,525,610,28400,2365,11150,2450,3995,2737,2975,4090,1365,5650,641,20269,412,1055,2130,4830,2580,590,1260,2440,1450,1987,2335,1400,830,4490,9550,2485,1275,2690,5160,3300,1490,852,3535,11500,3100,16100
2020-03-23,17750,481,3895,69400,1155,27600,1800,3975,2644,5290,500,1010,6440,1005,940,10000,465,563,25150,2180,10850,2275,3400,2620,2650,3725,1225,5060,515,17884,389,750,1860,4400,2405,531,1145,2440,1175,1771,2200,1280,620,3555,8850,2485,1120,2700,4900,3215,1345,776,3125,10350,3085,15300
2020-03-24,20600,513,4340,78700,1265,30250,1910,4280,3029,5670,460,1190,6700,1005,1005,11150,501,608,28250,2505,14100,2430,3400,2855,2775,4260,1290,5670,491,20544,437,965,1980,5020,2615,552,1345,2440,1235,1893,2415,1480,620,2820,9600,2485,1155,2800,5450,3380,1420,801,3415,12150,3350,16900
2020-03-25,21250,560,4470,84500,1390,30350,1990,4365,3341,5800,432,1500,8140,1005,1070,11700,522,684,28200,2630,16450,2710,3500,3161,2905,4310,1420,5980,521,21691,488,950,2170,5400,2795,580,1450,2440,1430,2118,2560,1680,620,3665,10100,2485,1250,2790,5900,3595,1540,829,3725,12950,3575,19300
2020-03-26,20550,598,4475,80700,1400,29400,2025,4390,3488,5820,496,1515,9640,1005,1110,11750,549,741,27300,2795,15650,2785,4020,3228,3210,4390,1480,6030,677,21507,500,1235,2250,5380,2900,630,1430,2440,1500,2305,2630,1740,620,4760,10500,2485,1245,2785,6000,3845,1600,931,3970,13150,3765,18150
2020-03-27,21050,590,4400,83300,1450,29000,2065,4575,3594,5690,570,1425,12500,1005,1115,11700,555,855,27500,2830,15350,2810,4610,3134,3330,4280,1480,6040,880,21232,498,1590,2165,5500,2985,647,1430,2440,1545,2277,2590,1750,620,4690,10550,2485,1205,2800,6150,4090,1605,930,4030,13500,3760,18000
2020-03-30,21050,612,4570,83700,1460,29350,2600,4820,3667,5980,654,1400,12500,1005,1160,11700,581,883,27000,3440,15750,2790,3920,3286,3440,4420,1500,6220,1010,21140,499,1555,2030,5610,3185,839,1450,2440,1785,2240,2670,1815,620,5320,10500,2485,1370,2790,6480,4170,1655,910,4030,13850,3855,19250
2020-03-31,21650,642,4580,83300,1475,28700,2770,4905,3722,6140,610,1420,11250,1005,1310,11850,628,899,27550,3600,15800,2935,4500,3484,3660,4670,1555,6580,1030,21049,499,1450,2035,5910,3325,896,1480,2440,1865,2357,2750,1940,620,5360,10900,2485,1410,2815,6700,4300,1790,920,4070,13850,3980,19250
2020-04-01,20900,648,4500,78400,1410,28800,2495,4750,3704,5880,701,1385,10350,1005,1230,11500,611,852,26950,3445,15200,3095,4500,3363,3570,4505,1610,6390,999,20728,484,1315,2015,6090,3270,845,1445,2440,1920,2357,2705,1930,620,5500,10550,2485,1410,2810,6630,4290,1800,920,4020,13350,3815,18250
2020-04-02,21350,660,4610,80000,1455,29700,2585,4820,3773,6220,642,1520,10550,1005,1325,13400,616,852,27900,3485,15250,3230,4630,3437,3615,4665,1630,6670,1000,21003,476,1380,1960,6290,3310,846,1475,2440,1860,2338,2700,2020,620,6220,10800,2485,1390,2750,6860,4445,1825,919,4125,13450,3705,19000
2020-04-03,20900,664,4600,79600,1550,29500,2735,4850,3874,6310,635,1680,10350,1005,1310,13800,633,847,27950,3615,15650,3220,5300,3444,3695,5120,1640,6660,976,20773,480,1395,2030,6270,3375,930,1530,2440,1875,2371,2720,2180,620,6000,11050,2485,1325,2770,6950,4495,1895,916,4110,13350,3685,18950
2020-04-06,22150,709,4925,83100,1610,31550,2780,5080,4310,6700,650,1715,10950,1005,1315,13700,674,859,29600,3630,16900,3360,4600,3538,3835,5170,1750,6970,954,22745,508,1405,2090,6450,3560,912,1585,2440,1945,2497,2890,2240,620,6500,12200,2485,1585,2755,7240,4530,1945,954,4310,14200,3860,19850
2020-04-07,23450,735,5210,85800,1670,31750,2810,5270,5049,6840,654,1720,10250,1005,1395,13700,697,864,30300,3550,17400,3475,4600,3706,3960,6720,1810,7280,1155,23663,518,1560,2140,6570,3850,894,1640,2440,1955,2582,3025,2350,620,6750,13000,2485,1675,2750,7560,4645,1935,1020,4455,14850,4025,19950
2020-04-08,23750,738,5250,84500,1710,31550,2810,5350,4920,6890,740,1670,10700,1005,1375,13400,710,876,30050,3550,17850,3665,5250,3814,4150,6550,1870,7700,1500,23525,523,1505,2220,6650,3770,867,1640,2440,1960,2717,3000,2340,620,7130,13200,2485,1720,2690,7950,4685,1980,1040,4500,15300,4100,19700
2020-04-09,24350,746,5250,85000,1735,31050,2825,5690,4985,6920,641,1670,10250,1005,1545,13650,723,921,29800,3585,18050,3750,5000,3807,4340,6750,1935,8450,1570,23984,561,1540,2260,6650,3930,867,1640,2440,2070,2774,3010,2390,620,6950,14300,2485,1675,2710,8000,4685,2025,1035,4510,15600,4145,20050
2020-04-10,23700,733,5240,84100,1745,30000,2750,5600,4829,6740,737,1655,9640,1005,1495,13350,706,912,29750,3400,17350,3765,5680,3794,4315,6300,2065,8260,1605,23341,560,1565,2330,6790,4020,855,1645,2440,2120,2717,2940,2350,620,6810,14400,2485,1700,2960,7940,4760,1985,1085,4405,15300,4060,21300
2020-04-13,22200,725,4905,81400,1690,28300,2560,5180,4549,6710,845,1575,8780,1005,1510,12700,671,870,28400,3290,16350,3615,6370,3686,4275,5550,1920,7850,1650,21782,543,1510,2200,6390,3920,822,1545,2440,2185,2568,2830,2240,620,6750,13250,2485,1595,2950,7480,4635,1975,1030,4120,14400,3910,19600
2020-04-14,22850,739,5020,82300,1710,29100,2650,5290,4672,6810,965,1595,8690,1005,1500,12900,684,907,28950,3395,16400,3705,5420,3794,4165,5660,1995,7950,1545,21920,556,1495,2200,6470,3925,840,1605,2440,2160,2647,2880,2240,620,6880,13850,2485,1605,2950,7570,4790,1990,1045,4235,14750,3900,19700
2020-04-16,23800,740,5250,81300,1715,29750,2665,5380,4792,6980,999,1665,8600,1005,1470,13100,693,898,29200,3080,16300,3870,4610,3901,4260,5680,2050,8400,1495,23387,563,1500,2200,6650,3900,842,1640,2440,2165,2703,2910,2320,620,6830,14200,2485,1600,2930,7760,4775,1925,1065,4350,14900,3940,20250
2020-04-17,24050,764,5360,84100,1730,30850,2795,5560,4856,7030,1115,1705,8800,1005,1565,13350,718,914,30650,3400,16700,3970,4610,4150,4560,5860,2060,8620,1475,27010,582,1505,2250,6810,3980,862,1710,2440,2215,2811,3010,2355,620,6870,15500,2485,1630,2905,8090,4780,2075,1085,4520,15250,4135,22200
2020-04-20,23700,767,5290,82000,1735,30050,2760,5800,4838,6960,1100,1770,9370,1005,1615,13200,781,905,30250,3150,17100,3970,5280,4143,4445,5800,2095,8450,1550,24167,578,1630,2220,6690,4030,889,1665,2440,2310,2797,3030,2360,620,6830,15450,2485,1615,3060,8060,4800,2285,1085,4460,15000,4230,21650
2020-04-21,24300,756,5140,81300,1700,29050,2700,5740,4645,6780,1245,1700,8960,1005,1595,12800,741,886,29700,3015,16950,3840,5260,4150,4285,5970,2035,8350,1575,23158,577,1555,2180,6510,3930,902,1620,2440,2230,2708,2895,2320,620,6630,15450,2485,1725,2965,7880,4750,2150,1065,4325,14850,4205,21200
2020-04-22,25500,747,5330,83900,1705,29600,2785,5770,4627,6840,1400,1700,9250,1005,1640,12850,734,870,28850,3055,16650,3815,4480,4143,4400,5760,2055,8350,1445,24121,568,1630,2140,6540,3875,937,1620,2440,2265,2657,2860,2450,620,6540,15700,2485,1725,3000,7820,4785,2100,1080,4325,14950,4160,21000
2020-04-23,26250,750,5340,82600,1730,29300,2855,5770,4985,7150,1400,1700,9410,1005,1655,13050,727,896,29250,3160,16650,3850,5000,4204,4435,5770,2175,8300,1015,23571,561,1595,2185,6600,4020,951,1650,2440,2295,2671,2890,2590,620,7300,17350,2485,1700,2990,8470,4785,2115,1080,4320,15300,4190,21200
2020-04-24,26100,730,5170,81400,1765,28600,2810,5740,5168,7130,1190,1660,8810,1005,1700,12700,701,878,28750,3110,16200,3775,4300,4231,4345,5700,2110,8230,948,22837,557,1515,2150,6390,3910,900,1615,2440,2275,2577,2800,2495,620,7640,16550,2485,1615,2970,8580,4750,2085,1065,4340,14750,4150,20100
2020-04-27,26300,745,5180,82600,1850,29050,2840,5840,5122,7490,1350,1700,9060,1005,1730,13100,722,880,29450,3100,16750,3820,4300,4312,4385,5790,2150,8240,900,23112,573,1510,2205,6620,4020,900,1680,2440,2290,2652,2880,2525,620,8900,16700,2485,1570,2965,8580,4840,2135,1090,4950,15000,4250,20650
2020-04-28,26050,751,5250,83400,1840,28850,2880,5820,5076,7270,1150,1725,8780,1005,1700,13100,717,880,29750,3130,16650,3800,4935,4305,4340,5690,2150,8150,889,22745,565,1515,2230,8460,3915,920,1710,2440,2260,2699,2875,2700,620,9060,16700,2485,1540,2970,8360,4830,2110,1095,5000,16400,4200,20200
2020-04-29,26750,764,5290,83700,1840,29100,2960,6200,5095,7200,1295,1775,9000,1005,1765,13200,726,878,30150,3210,16650,3845,4935,4392,4345,5470,2230,8290,883,22791,568,1965,2320,7200,3930,978,1785,2440,2220,2689,2900,2620,620,8690,16450,2485,1540,2935,8400,4850,2125,1110,4845,17450,4200,19650
2020-05-04,25450,764,5160,81000,1815,28550,2960,6130,5242,7110,1105,1720,8830,1005,1910,12850,725,886,29600,3215,16750,3760,5000,4359,4220,5500,2345,8720,888,21782,561,2110,2320,6910,3905,1020,1790,2440,2150,2633,2890,2770,620,8100,16150,2485,1505,2885,8420,4830,2120,1105,4825,16500,4200,19300
2020-05-06,26600,774,5270,82400,1840,29450,3095,6220,5517,7420,1175,1725,9030,1005,2040,13000,748,910,30350,3295,17250,3920,4990,4352,4345,5740,2490,9410,918,22103,570,1975,2575,7060,3960,1020,1800,2440,2260,2722,2905,2800,620,8310,16600,2485,1530,2990,8950,4935,2175,1125,4870,17050,4235,19950
2020-05-07,27200,830,5690,82400,1875,29650,3050,6210,5912,7360,1090,1785,8920,1005,2045,13200,773,905,31050,3330,17450,4030,5690,4359,4445,5640,2475,9500,915,23341,596,1900,2485,7350,4070,1000,1900,2440,2350,2778,2960,2785,620,8400,17150,2485,1570,3030,9030,4950,2215,1145,4945,17600,4430,20450
2020-05-08,28050,826,5680,85000,1975,31850,3070,6380,5921,7540,1235,1845,9150,1005,2010,13350,803,906,32100,3410,19050,4045,5000,4372,4560,5730,2460,9540,922,23525,612,2025,2495,7250,4315,1005,1895,2440,2490,2905,3050,2765,620,8800,17450,2485,1600,2950,9090,4960,2220,1215,5160,17400,4480,22100
2020-05-11,27800,823,5650,84500,1945,31100,2990,6610,5792,7500,1320,1910,9160,1005,1955,13650,788,943,31250,3290,19100,4015,5000,4399,4480,5620,2415,9610,912,24350,608,1995,2555,7280,4265,982,1835,2440,3010,2774,3020,2845,620,9540,17400,2485,1595,2920,8970,4980,2205,1205,4980,17350,4480,23300
2020-05-12,27400,794,5460,85700,1945,30800,2965,6680,5646,7330,1175,1805,9460,1005,1970,13650,785,912,30450,3290,18750,3960,5680,4412,4260,5490,2340,9460,895,25359,612,1950,2520,7240,4175,955,1895,2440,3165,2713,2940,3015,620,9590,17200,2485,1605,2995,8840,4985,2220,1210,4815,16900,4475,23200
2020-05-13,27550,794,5520,83600,1945,31000,2960,6860,5673,7700,1000,1825,9210,1005,1900,13400,783,917,30500,3270,18750,3910,5680,4486,4080,5260,2300,9400,883,25130,609,2050,2500,7250,4160,951,1940,2440,3100,2746,2950,2970,620,9800,17100,2485,1590,3030,8590,4995,2195,1195,4795,16700,4505,23250
2020-05-14,28400,780,5390,80600,1850,29850,2940,6650,5508,7520,850,1790,9550,1005,1835,12850,769,918,29950,3175,18150,3800,5680,4433,3940,5230,2225,9480,886,24396,605,2005,2435,7080,4080,953,1905,2440,3085,2666,2920,2885,620,9250,16650,2485,1600,2995,8300,5190,2190,1185,4660,16800,4520,23150
2020-05-15,28600,793,5570,81900,1840,31500,2915,6670,5499,7440,745,1840,9160,1005,1880,12900,780,903,32250,3235,19500,3820,6530,4419,4005,5230,2285,9130,889,27056,608,1910,2490,7210,4045,945,1810,2440,3240,2661,2920,3020,620,10150,17100,2485,1570,3010,8440,5190,2155,1175,4880,17450,4785,22450
2020-05-18,28150,795,5570,81100,1900,30600,2870,6510,4966,7800,705,1845,9050,1005,1730,12700,778,903,34900,3260,21200,3730,5560,4338,4025,4955,2275,9140,1040,26873,595,1920,2640,7280,4045,941,1770,2440,3250,2633,2870,2965,620,10150,16800,2485,1545,3010,8470,5020,2170,1270,4840,16850,4700,21900
2020-05-19,27800,819,5580,82700,1905,30800,2900,6810,5306,7810,720,1910,8790,1005,1785,13150,794,902,36500,3300,21050,3795,5560,4500,4190,5080,2300,9380,971,28157,607,1880,2870,7450,4230,972,1805,2440,3280,2736,3100,3000,620,10400,17000,2485,1585,2970,8680,5420,2200,1650,4920,18550,4720,22950
2020-05-20,28350,819,5700,84100,1955,31300,3000,7060,5306,7820,825,1900,8890,1005,1820,13300,810,907,37200,3375,21800,3920,5560,4769,4295,5370,2310,9380,946,29807,614,1875,2865,7630,4300,980,1855,2440,3240,2811,3090,3010,620,10600,17500,2485,1635,3095,8730,5280,2235,1790,5170,19950,5000,25350
2020-05-21,28100,818,5870,83400,1945,33300,2995,7550,5315,7860,762,1910,8940,1005,1905,13350,846,960,37200,3345,22200,4030,5560,4870,4435,5330,2375,9320,909,29395,627,1875,2865,7500,4330,978,1825,2440,3155,2778,3180,2965,620,10700,17600,2485,1610,3325,8910,5340,2280,1785,5100,19800,5130,25700
2020-05-22,27300,793,5680,81300,1920,31950,2920,7700,5168,7820,767,1880,8990,1005,1855,13000,829,926,35900,3250,23250,4050,5560,4830,4285,5230,2300,9060,876,28982,626,1875,2850,7290,4330,970,1770,2440,3130,2685,3085,3005,620,9960,17700,2485,1580,3500,8780,5240,2235,1835,4905,19300,5060,27100
2020-05-25,32150,797,5830,81400,1920,33350,2930,7660,5187,7900,785,1885,9250,1005,1830,13000,836,971,37850,3375,23400,4000,5530,4964,4390,5180,2390,9310,887,29578,628,1875,2860,7590,4460,966,1815,2440,3430,2708,3095,3030,620,10650,18400,2485,1600,3555,8830,5080,2245,1930,5410,19550,5270,28500
2020-05-26,32700,807,5880,81900,1940,33550,2965,7650,5168,8320,716,1965,9290,1005,1830,15300,834,973,38150,3370,23050,4030,5530,4957,4460,5120,2415,9090,894,29578,628,1875,2680,7670,4485,959,1785,2440,3545,2858,3115,3030,620,10750,18150,2485,1605,3800,8930,5160,2340,1905,5750,19000,5560,28300
2020-05-27,30600,814,5660,81400,1945,33250,3085,7640,5049,8230,823,1945,9370,1005,1795,14400,839,1215,38250,3420,23500,4100,5530,4769,4480,5110,2340,9200,885,28432,640,1875,2650,7670,4410,999,1730,2440,3565,2947,3100,2925,620,10300,17450,2485,1615,3940,8890,5200,2340,1920,5550,18550,5360,29800
2020-05-28,29300,799,5420,83900,1910,31950,3020,7500,4792,7850,946,1895,8940,1005,1815,13850,826,1150,37500,3335,22000,4010,5530,4648,4370,5060,2285,9060,895,27698,636,1875,2645,7330,4305,997,1695,2440,3990,2844,3070,2810,620,9900,16650,2485,1565,3970,8660,5250,2280,1880,5300,17600,5240,28350
2020-05-29,28600,802,5530,81500,1955,32550,3015,7490,4801,7780,1000,1875,8800,1005,1755,13900,815,1225,36950,3380,22450,3975,5680,4567,4320,4985,2250,8690,890,27790,621,1875,2570,7290,4240,1040,1670,2440,3770,2783,3025,2790,620,9700,16500,2485,1580,3835,8370,5230,2260,1900,5220,17700,5270,27150
2020-06-01,30700,817,5570,83600,1970,32850,3025,7690,4939,8090,850,1885,9020,1005,1750,14100,840,1375,40950,3455,22650,4175,5680,4655,4350,5080,2320,8870,887,29945,608,1875,2570,7590,4375,1015,1685,2440,3770,2877,3150,2835,620,9780,16850,2485,1585,3895,8500,5280,2265,1840,5660,18750,5420,27350
2020-06-02,30350,825,5500,83300,1985,32750,3030,7850,5040,8060,735,1920,8950,1005,1815,14200,840,1400,40450,3530,22900,4740,5680,4702,4430,5420,2340,8750,896,31550,600,1875,2600,8800,4360,1020,1780,2440,3890,2886,3145,2855,620,10050,17000,2485,1620,3950,8520,5460,2270,1850,5530,18950,5420,27350
2020-06-03,30400,828,5460,88700,2015,32850,3030,7830,5067,8210,768,1940,8730,1005,1775,14500,832,1370,40150,3460,22850,4945,6470,4641,4380,5350,2340,8650,882,30400,590,1875,2640,8940,4325,1020,1760,2440,3935,2877,3185,2795,620,10100,16800,2485,1600,4170,8510,5530,2290,1845,5510,18500,5450,26500
2020-06-04,30250,846,5480,87700,2010,32800,3045,7960,5673,8060,780,1925,8710,1005,1835,14100,843,1450,39600,3495,22850,5080,6470,4688,4500,5280,2450,8700,873,30200,603,1875,2630,9480,4430,1010,1760,2440,3930,2956,3230,2865,620,9960,16850,2485,1625,4310,8530,5600,2360,1815,5470,18400,5430,26500
2020-06-05,30450,859,5520,90400,1970,32000,3000,7850,5664,8070,780,1930,8730,1005,1805,14100,831,1410,40850,3445,22850,5100,5500,4648,4535,5230,2620,9040,887,30550,609,1875,2640,9100,4500,1025,1775,2440,3910,2961,3210,2880,620,10050,17700,2485,1665,4205,8600,5730,2370,1910,5530,18500,5360,27950
2020-06-08,30650,855,5500,91000,1975,31400,3025,7810,5682,8170,897,1925,8800,1005,1825,14450,831,1380,41800,3445,22700,5270,6280,4641,4555,5210,2620,9260,904,29500,613,1875,2645,9500,4515,1055,1765,2440,3790,2961,3150,2910,620,9770,19350,2485,1760,4020,8610,5700,2370,1930,5370,18400,5310,28050
2020-06-09,30050,842,5420,89800,1965,31050,2990,7760,5590,8040,999,1890,8680,1005,1870,14150,830,1360,41800,3390,22200,5290,6970,4634,4505,5330,2785,9130,895,29600,595,2020,2605,9450,4490,1030,1755,2440,3695,3261,3100,2835,620,9390,19000,2485,1730,4145,8580,5740,2440,1875,5370,17950,5270,27600
2020-06-10,29950,830,5430,90800,1930,31400,2980,7820,5480,7880,1080,1890,8510,1005,1820,14350,823,1375,41350,3405,21200,5120,6960,4634,4430,5270,2805,9110,899,28850,594,1950,2550,9620,4430,999,1750,2440,3530,3153,3050,2735,620,9400,18950,2485,1830,4155,8700,5840,2440,1850,5340,18600,5210,27000
2020-06-11,29750,824,5310,88500,1880,30450,2915,7610,5324,7980,935,1860,8950,1005,1790,14600,790,1280,40050,3335,21850,5060,6950,4486,4265,5120,2735,8910,911,27950,579,1825,2440,9050,4390,970,1710,2440,3500,2956,2980,2740,620,9040,18750,2485,1860,4130,8820,6050,2405,1900,5160,18200,5170,26800
2020-06-12,28850,797,5090,85200,1805,29550,2825,7280,4994,7610,995,1780,8650,1005,1750,14050,762,1280,39450,3245,20800,5200,7400,4359,4190,4930,2670,8590,847,28000,561,1910,2420,8790,4200,945,1625,2440,3340,2895,2890,2605,620,9250,17700,2485,1795,3980,8360,6000,2345,1880,4920,17750,5040,25900
2020-06-15,27000,731,4600,82000,1710,26700,2580,6680,4452,6750,992,1645,8030,1005,1680,12850,685,1115,36200,3180,18950,4760,7400,4029,3670,4700,2345,7690,772,25600,515,1720,2295,7710,3880,874,1510,2440,3120,2614,2660,2320,620,8300,16000,2485,1680,3950,7470,5940,2215,1675,4380,16000,4860,23000
2020-06-16,28050,766,4885,85400,1835,27950,2775,6960,4746,7110,855,1710,8370,1005,1790,13500,710,1205,37700,3295,20150,4960,7380,4211,3900,4795,2520,7960,819,26800,520,1740,2365,8100,4295,914,1565,2440,3145,2755,2795,2430,620,8790,17150,2485,1765,4250,7760,5880,2285,1810,4625,17200,5040,23850
2020-06-17,27950,757,4935,86800,1800,28250,2760,6950,4920,7050,982,1720,8150,1005,1860,13900,698,1150,38000,3215,20550,4895,7600,4197,3840,4570,2870,7840,822,26800,517,1725,2380,7970,4265,911,1605,2440,3145,2732,2790,2370,620,8550,17400,2485,1740,4115,7850,6000,2285,1810,4685,17600,5500,26100
2020-06-18,27900,773,4940,86200,1855,28400,2750,6900,5324,7070,982,1680,8080,1005,1885,13700,670,1155,38200,3175,20750,4930,8470,4137,3865,4425,2685,7890,818,27250,515,1665,2380,7990,4210,905,1580,2440,3175,2736,2805,2415,620,8300,17750,2485,1735,4115,7830,6030,2350,1800,4710,18700,5640,25300
2020-06-19,29200,841,5000,85400,1845,28550,2725,6900,5508,7090,1035,1700,9070,1005,1920,14150,685,1220,37200,3220,20750,4960,7200,4123,3935,4725,2555,8000,831,27850,513,1620,2380,8420,4180,915,1590,2440,3340,2722,2815,2415,620,8900,18600,2485,1730,4165,7900,6030,2330,1875,4785,19550,5800,26600
2020-06-22,28850,830,4975,84900,1830,28300,2715,6740,5288,7050,1010,1675,9580,1005,1860,14050,677,1380,37500,3250,20200,4900,7200,4251,3935,4570,2515,7880,828,26900,503,1700,2355,8180,4220,910,1580,2440,3280,2741,2830,2425,620,8660,17750,2485,1715,4350,7810,5990,2550,1890,4845,20700,5720,27200
2020-06-23,28450,818,4925,84100,1830,28550,2675,6790,5150,7510,1010,1655,9560,1005,1900,13900,690,1345,38050,3190,20000,4735,7190,4285,3970,4445,2580,7770,817,26400,510,1640,2465,8300,4170,897,1580,2440,3230,2671,2835,2415,620,9170,18000,2485,1655,4585,7850,5940,2705,1815,4750,20850,5660,27200
2020-06-24,29500,828,4970,86000,1830,29000,2675,6970,5205,7750,1010,1705,9900,1005,1875,14000,708,1425,38450,3210,20250,5090,7190,4258,5160,4580,2555,8100,812,28100,503,1610,2480,8550,4110,907,1610,2440,3055,2835,2830,2665,620,9240,17650,2485,1690,4935,7950,5970,2670,1810,4860,21350,5950,26850
2020-06-25,28300,819,4810,84300,1705,28200,2705,6780,4985,7580,998,1725,9660,1005,1860,13700,692,1335,37750,3135,19900,4850,7190,4177,4735,4470,2440,7890,794,27200,490,1550,2450,8210,4070,885,1530,2440,3080,2769,2765,2890,620,9600,17700,2485,1680,4700,7830,5910,2550,1805,4655,20300,5850,26250
2020-06-26,28850,825,4860,84600,1725,28250,2710,6850,5067,8220,984,1680,9570,1005,1850,13800,689,1330,37900,3105,19650,4880,7190,4211,5130,4450,2435,7920,792,26900,501,1530,2450,8120,4090,892,1535,2440,3010,2774,2760,2840,620,9310,17750,2485,1645,3650,7830,5930,2490,1870,4660,20200,5770,28300
2020-06-29,28750,793,4710,83600,1695,27850,2650,6750,4957,8330,1090,1635,9190,1005,1875,13400,648,1290,37050,2995,19100,4615,6990,4116,4850,4300,2390,7870,766,26050,490,1480,2380,7980,3950,877,1505,2440,2925,2652,2685,2755,620,9020,17900,2485,1525,3000,7620,5980,2530,1870,4490,20550,5650,27100
2020-06-30,28850,805,5010,85100,1735,28700,2725,6780,4994,8120,1080,1665,9220,1005,1950,13450,660,1325,38600,2985,19250,4665,7000,4103,4650,4265,2370,8330,774,26800,493,1400,2395,8100,4000,884,1540,2440,2930,2671,2720,2755,620,9120,17350,2485,1490,2615,7580,6000,2480,1890,4610,20650,5660,27750
2020-07-01,28500,820,4915,85300,1735,28000,2870,6740,4847,7750,994,1660,9690,1005,1975,13700,653,1315,40550,3025,19150,4490,7920,4110,4505,4210,2350,8730,774,26300,491,1345,2400,7990,5200,890,1520,2440,2950,2671,2705,2715,620,9100,17400,2485,1415,2770,7600,5750,2585,1885,4600,20500,5500,25950
2020-07-02,28650,814,4980,84400,1740,28300,2810,6750,4893,8110,1120,1665,9560,1005,1895,13850,675,1300,40700,3230,19050,4505,8930,4103,4600,4220,2445,8780,775,26100,491,1340,2440,8150,5140,900,1550,2440,3090,2717,2760,2785,620,9130,18100,2485,1460,2840,7730,5800,2680,1940,4625,20600,5540,26250
2020-07-03,28600,820,4985,85400,1735,28650,2960,6950,5076,7930,955,1675,9960,1005,1875,14000,679,1300,42200,3310,19250,4435,8830,4110,4705,4245,2430,8660,820,25400,490,1310,2475,8710,5150,893,1545,2440,3100,2675,2790,2750,620,9260,18100,2485,1465,2760,7740,5720,2635,1910,4630,20200,5560,25600
2020-07-06,30400,854,5170,86000,1815,29150,2885,6930,5113,8040,955,1730,10150,1005,1885,14100,751,1310,45450,3295,19950,4560,8390,4116,6110,4330,2590,8900,812,26700,480,1410,2490,9140,5060,894,1685,2440,3050,2657,2850,2800,620,9300,18000,2485,1500,2640,8050,5840,2665,2020,4835,21250,5620,25900
2020-07-07,29400,833,5040,84800,1800,28800,2850,6840,5141,7910,1060,1710,9990,1005,1905,13950,740,1315,44850,3315,19800,4440,9450,4150,5920,4300,2560,8600,816,25850,485,1375,2500,8670,4910,891,1635,2440,3380,2638,2800,2730,620,9210,17700,2485,1570,1940,8000,5850,2610,1970,4760,22850,5570,25450
2020-07-08,29200,865,5010,83700,1790,29100,2870,7100,5049,7940,915,1680,10650,1005,1875,14300,753,1305,44600,3400,20150,4360,9890,4143,5740,4265,2635,8720,765,26000,482,1385,2515,8560,4745,889,1625,2440,3695,2605,2800,2755,620,9260,17700,2485,1530,2080,7970,6340,2660,1915,4795,24650,5570,25350
2020-07-09,29100,849,5070,83000,1790,29600,2860,7560,5187,8050,940,1695,10650,1005,1840,14400,743,1400,44750,3415,21500,4430,10750,4130,5600,4280,2640,8930,807,27950,484,1375,2515,8620,4740,894,1625,2440,3695,2624,2885,2860,620,9360,17700,2485,1505,2665,8210,6190,2600,1915,4805,25000,5840,27800
2020-07-10,30450,837,5000,82800,1760,29750,2995,7500,4939,7950,857,1670,10950,1005,1825,14200,749,1375,43750,4080,20900,4400,11800,4049,5620,4220,2750,9000,803,27650,483,1345,2535,8460,4620,885,1625,2440,3930,2596,2865,2855,620,9310,17350,2485,1520,2530,8030,6000,2535,1840,4800,24500,5800,26650
2020-07-13,30500,844,5100,83000,1795,29600,3030,7440,4838,8350,985,1675,11700,1005,1840,14050,744,1465,45400,3995,20950,4320,10050,4143,5780,4170,2875,9020,803,28100,479,1390,2545,8540,4705,884,1650,2440,3720,2647,2850,2835,620,9310,17200,2485,1580,2415,8030,6200,2530,1845,4890,24600,5710,27800
2020-07-14,30750,835,5020,82900,1780,29100,3015,7150,4737,8470,1130,1670,11150,1005,1870,13900,728,1335,46650,4175,20450,4195,10000,4137,5540,4495,2970,9000,800,28050,479,1345,2530,8790,4730,897,1660,2440,3805,2652,2810,2860,620,9280,16550,2485,1570,2375,8060,6200,2445,1850,4820,23950,5710,25750
2020-07-15,31850,850,5350,83000,1805,29300,3170,7570,4838,8340,1130,1685,10600,1005,1860,14600,738,1305,46700,4315,20750,4320,10000,4365,5580,4380,3050,10550,817,28300,479,1335,2525,8670,4725,895,1670,2440,3815,2736,2865,2865,620,9150,16650,2485,1555,2690,8370,6200,2580,1885,5110,23200,5750,27300
2020-07-16,30900,854,5150,82700,1810,28950,3100,7380,4874,8220,1115,1685,10600,1005,1830,14350,730,1305,44900,4260,21650,4185,9960,4386,5640,4235,3065,10100,824,27350,480,1325,2500,8600,4660,899,1640,2440,3825,2792,2885,3020,620,9620,16300,2485,1530,2645,8280,6000,2640,1805,5000,22300,5790,30350
2020-07-17,31350,856,5210,82900,1845,31500,3100,7620,5177,8230,1255,1690,12800,1005,1835,14350,735,1315,47100,4165,22000,4335,11100,4365,5830,4285,3020,10050,837,29850,478,1405,2510,8970,4710,891,1670,2440,3780,2774,2930,2965,620,10000,16250,2485,1555,2650,8220,6590,2800,1820,5060,23000,5830,29950
2020-07-20,31350,842,5550,82200,1845,31500,2980,7970,5058,8180,1390,1675,12950,1005,1805,14300,727,1335,46850,4000,21700,4725,12500,4554,5760,4255,3270,10150,885,29800,480,1405,2550,8890,4710,889,1740,2440,3680,2797,2925,2950,620,10250,16000,2485,1525,2750,8180,7300,2745,1800,5340,23250,5710,30250
2020-07-21,30900,861,5610,84100,1840,31000,3005,8050,5086,8100,1450,1735,13900,1005,1820,14700,741,1415,46750,3975,21400,4795,12400,4520,5850,4380,3030,10650,885,29900,486,1390,2550,8790,4730,880,1860,2440,3585,2886,2985,2920,620,9940,16250,2485,1535,2740,8750,7320,2695,1785,5340,24450,5730,33750
2020-07-22,30400,842,5590,83200,1860,31100,2995,7950,5086,8020,1540,1725,13650,1005,1775,14600,742,1520,45550,3920,21650,4855,12400,4527,5540,4390,2935,10800,900,29000,485,1370,2550,8780,4685,875,1870,2440,3345,2942,2935,2895,620,10550,16100,2485,1505,2670,8560,7880,2720,1790,5340,25850,5680,32800
2020-07-23,30750,828,5600,82400,1840,31200,3000,7770,5049,7900,1315,1725,13350,1005,1750,14550,725,1435,45950,3790,21100,4745,10550,4453,5140,4380,2830,10350,885,29350,480,1360,2520,8650,4730,868,1810,2440,3005,2844,2885,2870,620,10850,16050,2485,1480,2655,8380,7380,2665,1805,5190,25650,5600,33000
2020-07-24,30150,820,5490,83700,1805,30300,2975,7760,4856,7780,1340,1690,14050,1005,1745,14500,705,1420,44250,3810,20500,4710,10550,4446,4835,4580,2750,9820,885,29000,529,1305,2500,8650,4735,865,1775,2440,3010,2792,2890,2755,620,10100,15200,2485,1480,2600,8160,7470,2705,1750,5140,24950,5460,30950
2020-07-27,31050,835,6070,82800,2345,32550,2900,7650,4783,7780,1480,1700,15750,1005,1725,14800,724,1410,44900,3800,20400,4700,10550,4480,4955,4830,2860,10250,870,30850,535,1330,2495,9100,4790,864,1845,2440,3100,2802,2910,2980,620,10300,14950,2485,1460,2480,8130,7490,2690,1760,5400,24750,5500,31000
2020-07-28,33300,834,6150,83100,2460,33000,2890,7890,4847,7720,1490,1725,16200,1005,1765,15900,713,1415,47700,3755,20650,4615,9040,4574,5000,4750,2890,10300,880,33300,534,1310,2525,8960,4735,872,1840,2440,3100,2839,2950,3005,620,10550,15650,2485,1455,2570,8200,7510,2645,1465,5610,24750,5930,29500
2020-07-29,33450,823,6210,83200,2470,33150,2895,7810,4929,7620,1305,1710,17400,1005,1740,16250,721,1430,49600,3725,20700,4570,7690,4655,4945,4940,3020,10000,894,32700,532,1310,2525,9480,4630,854,1980,2440,3165,2816,2970,2945,620,10450,15850,2485,1435,2585,8510,7620,2680,1470,5510,24900,6180,30500
2020-07-30,35150,825,6180,85300,2575,34950,2900,7930,4929,7780,1320,1910,18300,1005,1715,17300,745,1390,48500,3635,22550,4650,8840,4729,5030,4915,3020,10400,868,33700,551,1330,2525,9120,4785,855,2075,2440,3255,2877,3155,2965,620,10700,16200,2485,1420,2535,8400,7630,2660,1445,5360,26150,5900,31450
2020-07-31,34100,821,6120,82800,2535,34250,2875,7950,4865,7650,1435,1915,16700,1005,1655,17750,717,1375,48000,3595,21650,4530,7520,4688,4990,4810,3000,10500,859,32800,552,1310,2530,9440,4730,855,1985,2440,3145,3242,3020,2945,620,11250,16800,2485,1410,2415,8510,7700,2620,1420,5510,25450,5820,31350
2020-08-03,34900,811,6170,81800,2530,34650,2825,8180,4755,7730,1335,1895,17050,1005,1590,17900,706,1430,47900,3620,21800,4360,6500,4762,4900,4595,2940,11300,841,32900,550,1285,2510,10150,4745,849,1930,2440,3160,3050,3055,2940,620,11200,17000,2485,1450,2280,8700,7710,2680,1400,5520,26750,5760,31100
2020-08-04,35200,818,6010,81600,2480,34400,2840,8190,4783,7810,1355,1900,17150,1005,1620,17350,723,1455,47450,3680,21950,4360,7410,4762,5080,4685,3120,11100,894,33850,572,1250,2470,10350,4875,848,1980,2440,3115,3102,3000,2950,620,12450,16900,2485,1435,2280,8460,7330,2600,1410,5420,27750,5980,32600
2020-08-05,34300,813,6070,80700,2475,34700,2830,8520,4893,7790,1400,1875,17450,1005,1585,18150,715,1405,48200,3610,22800,4595,6350,4742,5150,4615,2980,11200,872,34400,601,1240,2455,11150,4960,832,1900,2440,3065,3022,3010,2865,620,11950,16600,2485,1450,2370,8430,7250,2575,1415,5770,27750,5830,34800
2020-08-06,34200,812,5900,81100,2310,32900,2825,8420,5343,7720,1330,1895,16350,1005,1605,17700,707,1415,47700,3605,22500,4535,7120,4749,5110,5030,2980,11100,903,34000,586,1270,2470,10900,4900,840,1870,2440,2985,3022,3060,2855,620,11800,16050,2485,1430,2360,8310,7260,2570,1425,7250,27150,5880,34000
2020-08-07,33750,808,5950,80600,2310,33450,2805,8280,5076,7860,1335,1855,16650,1005,1565,17500,704,1355,47000,3610,22300,4625,7610,4762,5120,4770,2890,11500,905,33000,586,1265,2455,10850,4855,840,1865,2440,3100,2947,3035,2820,620,11350,16050,2485,1415,2300,8210,7750,2570,1415,7300,26000,5840,35400
2020-08-10,34100,812,5900,81400,2325,34350,2795,8230,5141,7890,1445,1825,16550,1005,1505,17350,698,1365,46550,3530,21850,4590,7610,4870,5060,4610,2850,11800,879,33050,589,1290,2470,10250,4880,850,1875,2440,3135,2970,3010,2840,620,11550,15550,2485,1385,2325,8350,8090,2565,1405,7540,26050,6040,35850
2020-08-11,33550,805,5870,81300,2280,33600,2750,8310,5040,7820,1330,1795,16150,1005,1615,17200,693,1340,45300,3535,21750,4565,6500,4904,5130,4630,2900,11700,885,32250,589,1240,2455,10050,4910,847,1820,2440,3080,2985,3005,2820,620,11500,15850,2485,1320,2240,8330,7770,2560,1405,7050,23800,6180,34350
2020-08-12,34700,805,5720,81000,2295,32450,2740,8060,4856,7700,1330,1770,16250,1005,1560,17400,681,1285,45150,3440,22700,4485,5530,4904,5300,4510,2865,11100,854,31300,570,1135,2480,9970,4835,840,1785,2440,2930,2900,2945,2755,620,11100,16200,2485,1265,2135,8150,7600,2600,1380,6980,23450,6150,34050
2020-08-13,36900,851,6060,80700,2380,32550,2825,8210,4939,7980,1330,1790,15850,1005,1545,17000,686,1295,44550,3625,22200,4805,5940,5280,5280,4470,2985,10900,900,31350,546,1160,2545,9970,4980,841,1675,2440,3000,2900,2990,2765,620,10800,16150,2485,1280,2150,8740,7840,2610,1410,7010,22850,6210,33850
2020-08-14,36900,824,5750,80200,2225,31550,2830,8080,4865,7880,1525,1720,15050,1005,1515,16850,686,1245,43200,3850,21700,5030,6650,5314,5260,4440,2910,10850,921,30050,568,1200,2540,9610,4830,830,1680,2440,3050,2867,3045,2650,620,10300,15850,2485,1270,2070,8150,8000,2580,1395,6830,22600,6400,31500
2020-08-18,34500,767,5360,78100,2045,30000,2585,7270,4411,7170,1445,1650,14350,1005,1380,16200,637,1190,41300,3590,20300,4940,6650,5119,4770,4120,2660,9760,864,28500,560,1115,2480,9050,4355,839,1635,2440,2740,2628,2970,2400,620,9760,15350,2485,1065,1780,7500,9110,2350,1280,6450,21450,5820,28700
2020-08-19,38600,787,5400,75000,2075,30700,2620,7590,4397,7110,1520,1670,15200,1005,1410,16750,645,1115,42400,3720,21200,5340,6650,5220,4815,4185,2700,10100,858,28700,728,1150,2530,9380,4420,887,1610,2440,2880,2642,3045,2465,620,10050,15050,2485,1065,1950,7580,9190,2450,1315,6420,22000,6020,28950
2020-08-20,36600,747,4980,71800,2085,28800,2545,7200,4025,6600,1495,1560,14200,1005,1305,15550,610,1160,42500,3785,20550,5410,6650,5038,4445,4380,2515,9550,793,26850,705,1085,2390,8650,4055,851,1525,2440,2710,2511,2860,2230,620,9500,14450,2485,1065,1850,7090,8640,2290,1255,5910,20550,5580,26900
2020-08-21,35750,752,4935,74500,2010,28600,2500,7220,4232,6870,1485,1550,13950,1005,1360,15550,624,1375,45300,3840,20150,5560,6650,5018,4530,4465,2515,9750,798,26650,706,1115,2425,8710,4140,852,1540,2440,2700,2591,2890,2180,620,9470,14000,2485,1075,1930,7120,8590,2290,1300,6050,21200,5350,27300
2020-08-24,36250,750,4880,75500,1970,29100,2495,7180,4259,6900,1330,1545,14250,1005,1335,16400,623,1390,47100,3815,20000,5120,6900,4897,4525,4420,2490,9790,800,26700,736,1100,2485,8840,4165,855,1525,2440,2685,2694,2895,2305,620,9400,14000,2485,1130,1980,7160,8200,2335,1305,6110,21400,5180,28100
2020-08-25,36100,770,5040,77000,2060,30050,2585,7280,4337,7240,1250,1600,14450,1005,1435,16750,647,1445,47900,3815,20150,5160,6900,5025,4715,4610,2900,10150,802,27350,770,1220,2495,9330,4310,927,1570,2440,2685,2717,2970,2420,620,9770,14250,2485,1205,1970,7470,8200,2490,1330,6640,22750,5380,29300
2020-08-26,35550,765,5000,78800,2045,29450,2640,7280,4269,7100,1255,1575,15100,1005,1620,16250,643,1615,46300,3830,20700,5170,6900,4951,4775,4595,2915,9840,804,27850,744,1225,2485,9250,4290,995,1550,2440,2660,2788,2940,2445,620,9560,13950,2485,1195,1930,7570,7980,2515,1345,6490,23300,5300,28700
2020-08-27,35050,754,4885,79100,2005,28700,2800,7150,4172,6950,1300,1625,14450,1005,1550,16550,635,1650,45450,4000,20100,4950,7290,4796,4610,4795,2825,9560,804,26750,755,1235,2445,8960,4270,912,1530,2440,2690,2952,2855,2395,620,9460,14000,2485,1170,1850,7400,7890,2605,1315,6190,22700,5250,27800
2020-08-28,35550,806,4895,77800,2040,29050,2790,7160,4090,6950,1245,1620,14450,1005,1505,16250,636,1515,46150,3965,20250,5030,6200,4856,4655,4900,2850,9590,783,26750,838,1245,2445,9310,4310,913,1545,2440,2900,2825,2850,2535,620,9460,14250,2485,1200,1890,7510,7700,2905,1320,6380,22500,5350,27750
2020-08-31,35550,1045,4990,75100,2060,29250,2840,7240,4113,7010,1235,1605,14650,1005,1550,16300,645,1550,45100,4130,20500,4890,5270,5274,4675,4765,3070,9840,824,26550,1035,1260,2440,9590,4415,910,1575,2440,2980,2905,2910,2660,620,9500,14000,2485,1200,1925,7600,7490,2860,1295,6510,21950,5280,28850
2020-09-01,34850,1355,5210,75200,2130,29500,2800,7300,4223,7100,1220,1650,14800,1005,1530,18100,641,1535,46400,4055,20450,5090,5970,5765,4755,4700,3120,10300,797,27950,1025,1230,2430,9500,4505,916,1615,2440,2920,3102,2980,2650,620,9540,14000,2485,1210,1840,7600,7570,2800,1290,6440,22900,5320,28600
2020-09-02,35150,1440,5210,75500,2130,30150,2805,7330,4314,7140,1300,1655,15550,1005,1500,18200,650,1490,50400,4095,21150,5120,5080,5886,4790,4720,3065,10300,796,28050,973,1200,2440,9690,4520,971,1645,2440,2835,3148,3040,2625,620,10000,14600,2485,1255,1800,8010,7610,2875,1300,6950,23100,5450,28800
2020-09-03,35850,1385,5310,78700,2220,30950,2865,7450,4379,7210,1440,1710,15950,1005,1520,18300,683,1555,50100,3975,21950,5030,5300,6135,4760,4795,3215,10400,803,28800,927,1175,2440,9810,4560,984,1670,2440,3010,3373,3015,2680,620,10200,14550,2485,1255,1800,7980,7550,2820,1305,7240,23900,5550,31700
2020-09-04,34700,1245,5160,78700,2125,30150,2885,7430,4250,7070,1440,1685,16950,1005,1490,18100,665,2020,48150,4065,25000,5000,5240,6269,4730,4615,3125,10050,792,27950,900,1130,2380,9440,4540,984,1630,2440,2950,3256,2940,2595,620,9870,14350,2485,1220,1825,7790,7340,2800,1275,7080,22450,5480,41200
2020-09-07,37200,1320,5170,78400,2185,30550,2915,7510,4347,7340,1400,1675,19600,1005,1520,18950,685,2395,48150,4150,26800,5250,4460,6141,4785,4590,3200,10450,782,28500,905,1140,2435,9280,4710,1015,1640,2440,2840,3280,3020,2620,620,9880,14150,2485,1295,1815,7860,7220,3005,1360,7440,22150,5560,40100
2020-09-08,37050,1240,5400,79400,2185,32300,2875,7570,4406,7300,1400,1710,18600,1005,1500,18500,722,2285,48050,4020,26300,5130,4460,6182,5160,4900,3200,11000,775,29450,965,1125,2420,10150,4640,998,1660,2440,2745,3556,3015,2655,620,10450,14550,2485,1305,1750,7890,7160,2875,1360,8120,23150,5590,37950
2020-09-09,37150,1155,5290,77300,2230,32700,2865,7450,4893,7160,1600,1715,19350,1005,1500,18750,708,2365,46300,3995,28350,5360,4590,6229,5020,5050,3325,10950,770,29050,1005,1120,2410,10050,4610,989,1635,2440,2800,3580,3050,2620,620,10400,14500,2485,1270,1750,7870,7240,2815,1370,7720,22400,5660,39000
2020-09-10,37300,1200,5640,76600,2265,33850,2900,7500,4911,7530,1600,1810,19700,1005,1480,18650,720,2470,48250,4000,27250,5800,5090,6269,5090,5380,4120,11100,806,29600,1000,1170,2425,10950,4670,1005,1665,2440,2830,3500,3050,2705,620,10300,15250,2485,1325,1675,10200,7370,2900,1375,9070,23950,5870,39500
2020-09-11,39000,1210,5560,78400,2305,33750,2920,7640,5232,7430,1595,1860,18700,1005,1465,18250,720,2390,48550,4110,27900,5630,5100,6310,5020,5210,3830,11400,854,28900,939,1120,2425,10950,4710,1025,1665,2440,2970,3622,3075,2700,620,10050,15200,2485,1300,1680,9780,7400,2910,1390,9340,25200,5870,38000
2020-09-14,38850,1295,5630,80000,2305,34900,2930,7680,5646,8850,1400,1825,18850,1005,1490,18700,740,2295,48100,4075,27150,5620,5190,6270,5300,5220,4000,11700,923,28000,926,1155,2445,11000,4745,1035,1685,2440,2985,3528,3300,2705,620,9750,15600,2485,1310,1665,10250,7680,2920,1355,9270,25200,5870,37800
2020-09-15,38150,1285,5560,81900,2415,34300,2935,7600,5994,8470,1420,1825,18300,1005,1495,18900,737,2215,47950,4020,27150,5480,5310,6670,5260,5160,3980,11100,901,28300,920,1140,2430,10900,4745,1030,1725,2440,3100,3603,4290,2715,620,9820,17200,2485,1320,1605,10400,7550,2910,1760,9030,24500,5880,35600
2020-09-16,37600,1295,5420,81500,2295,33150,2875,7570,6114,8440,1595,1800,18350,1005,1565,18250,725,2340,47250,4010,27350,5420,5400,6600,5240,5070,4100,10800,890,28000,922,1130,2440,10650,4690,1020,1705,2440,3095,3781,4200,2665,620,9700,17100,2485,1350,1510,10650,7430,2870,1700,8880,23650,5730,36150
2020-09-17,36750,1410,5290,82200,2195,32250,2925,7520,6095,8110,1415,1745,18500,1005,1595,17750,705,2255,46250,4015,27100,5070,4590,6290,5060,5060,3865,10800,894,27100,865,1140,2440,10400,4680,1015,1675,2440,3085,3715,4205,2625,620,9470,17100,2485,1305,1405,10550,7160,2825,1650,8550,23300,5740,35400
2020-09-18,37050,1370,5330,83700,2215,32100,2900,7470,6233,8190,1275,1720,19000,1005,1605,17800,702,2265,45850,4145,26900,5070,4700,6310,5140,5100,3920,10600,891,27400,879,1180,2470,10900,4630,1010,1685,2440,2970,3608,3805,2580,620,9550,16700,2485,1285,1205,10200,7400,2795,1620,8670,23850,5560,35250
2020-09-21,37000,1465,5220,84500,2180,30600,2855,7380,5967,8290,1275,1725,18150,1005,1605,17600,690,2285,44500,4555,24700,4965,3995,6180,5020,4880,3900,10350,875,26600,850,1150,2435,10550,4450,995,1665,2440,2930,3383,3570,2530,620,9340,16050,2485,1205,1135,10150,7240,2730,1545,8130,22800,5390,33500
2020-09-22,35550,1550,4995,81300,2105,29500,2715,7340,5636,7860,1360,1660,17350,1005,1620,16950,668,2110,44700,4585,24500,4620,4000,6240,4815,4720,4090,10250,829,25400,789,1095,2390,10700,4290,959,1615,2440,2850,3411,3470,2430,620,8870,15250,2485,1145,1475,9390,6940,2710,1495,8170,21900,5260,32200
2020-09-23,36900,1425,5110,83600,2160,30650,2740,7300,5838,9390,1275,1620,17850,1005,1875,17400,669,2205,45800,4610,25350,4710,4000,6200,5010,4585,4200,10250,854,25300,772,1075,2410,10600,4350,938,1620,2440,2845,3416,3395,2525,620,8900,16400,2485,1150,1595,11000,6840,2760,1450,8200,23150,5720,32250
2020-09-24,35500,1225,5010,84300,2055,29700,2670,7070,5719,8900,1385,1620,17250,1005,2435,16700,650,2160,43350,4615,24200,4465,4495,5840,4815,4355,4260,9750,970,23600,729,1060,2350,10050,4225,939,1585,2440,2700,3233,3350,2420,620,8400,15900,2485,1100,1450,10750,6700,2660,1355,8180,23050,5380,31500
2020-09-25,34850,1160,5010,82900,2035,29950,2755,7080,6765,7970,1400,1620,16600,1005,1885,16700,650,2025,43850,4280,24050,4535,4845,5790,4830,4465,3950,9940,924,23500,799,1030,2410,10350,4285,950,1590,2440,2810,3233,3240,2415,620,8350,15750,2485,1130,1450,11300,6880,2540,1275,8600,23500,5240,30700
2020-09-28,37950,1185,5110,82500,2115,31700,2790,7160,6765,8200,1395,1655,17150,1005,2280,17050,665,2065,44450,4335,25100,4690,4595,5900,5060,4475,4210,10550,943,24550,763,1025,2475,11050,4510,971,1620,2440,2950,3341,3420,2500,620,8740,15900,2485,1185,1460,14650,7040,2560,1305,8870,24650,5320,32200
2020-09-29,37500,1290,5090,84000,2150,31400,2870,7260,7114,10650,1400,1670,17800,1005,2310,17150,703,2055,44950,4685,25050,4775,4595,6130,5150,4700,4335,10500,946,25000,771,1000,2425,11850,4675,984,1605,2440,2940,3430,3530,2505,620,8830,16600,2485,1260,1460,14250,7260,2680,1350,8700,24550,5350,32000
2020-10-05,37450,1300,5150,83200,2190,31400,2910,7300,6885,11200,1605,1700,18050,1005,2465,17550,710,2365,45550,4705,24450,4765,4595,6220,5210,4600,4455,10450,1190,24900,785,991,2440,11350,4760,1010,1640,2440,2925,3448,3590,2540,620,8960,16200,2485,1280,1460,14800,7520,2735,1370,8930,24400,5420,35150
2020-10-06,37100,1280,5150,83000,2205,31800,2940,7570,6977,11600,1650,1705,17350,1005,2345,17550,708,2310,47100,4650,24850,4690,4595,6360,5110,4605,4395,10250,1350,25150,789,996,2455,11200,4900,1015,1660,2440,2920,3448,3640,2550,620,9030,15800,2485,1285,1530,15150,7570,2750,1380,8790,24350,5470,36200
2020-10-07,36950,1300,5200,83400,2220,31900,3170,7540,7977,12300,1650,1705,17550,1005,2370,18600,714,2505,47200,5100,25200,4695,4595,6270,5200,4695,4335,10350,1545,26050,780,1005,2475,11150,4900,1030,1665,2440,2945,3505,3775,2565,620,8860,15850,2485,1295,1475,14800,7720,2760,1465,8730,25250,5590,36650
2020-10-08,36500,1385,5200,82900,2235,31500,3105,7480,8041,11850,1880,1760,17150,1005,2570,18450,825,3255,47350,4980,24800,4840,4500,6230,5230,4650,4510,10700,1590,26000,830,992,2505,11150,5500,1040,1700,2440,2905,3486,3810,2600,620,8910,15700,2485,1285,1495,15450,7960,2795,1475,8740,24550,5500,38850
2020-10-12,37350,1405,5240,85500,2235,31550,3085,7330,8188,12500,1600,1775,17600,1005,2700,18550,841,3285,47500,4980,24450,4780,4500,6000,5650,4635,4875,11100,1535,25500,866,989,2530,11150,5490,1025,1755,2440,2770,3823,3940,2620,620,9410,16650,2485,1340,1540,16400,7850,2765,1475,8890,24100,5450,38000
2020-10-13,37400,1380,5270,88200,2250,31600,3130,7700,8289,12300,1415,1780,17700,1005,2640,20150,840,3410,48950,4855,24000,4720,4500,5950,7340,4570,5310,11150,1575,25850,847,976,2515,11550,5850,997,1775,2440,2875,3870,3935,2635,620,9950,16600,2485,1300,1730,16550,7860,2715,1440,8990,24450,5520,36200
2020-10-14,36150,1790,5130,86500,2265,30500,3100,7690,8996,11800,1380,1705,17850,1005,2650,19400,880,3440,49050,4760,23650,4615,5000,5850,7300,4460,5130,10700,1760,25350,853,925,2545,11050,5640,1010,1790,2440,2995,4029,3735,2590,620,9720,17200,2485,1305,1600,16100,7840,2730,1470,8720,23350,5520,35900
2020-10-15,35850,2120,5030,87100,2230,29800,3230,7410,8721,11350,1535,1720,17300,1005,2665,18850,865,3285,48350,4815,22900,4450,4250,5740,6760,4380,5110,10350,1610,24350,858,883,2530,10500,5560,1000,1775,2440,3035,3917,3780,2525,620,9500,17750,2485,1545,1580,15400,7670,2670,1410,8280,23050,5440,35200
2020-10-16,36100,2110,5030,85300,2250,30000,3140,7290,8308,11050,1370,1675,16100,1005,2575,18350,859,3135,47500,4685,21100,4365,4250,5750,6270,4335,5070,10150,1560,24200,904,985,2475,10600,5320,970,1695,2440,2880,3692,3700,2455,620,9260,16950,2485,1560,1550,14600,7400,2640,1385,8220,22900,5370,34400
2020-10-19,35300,2740,5020,86700,2300,29300,3125,7260,8069,11350,1565,1690,14900,1005,2385,18400,827,2985,47050,4630,20600,4240,4875,5560,6210,4215,5140,10050,1700,23300,888,983,2440,10150,5270,1000,1715,2440,2885,3767,3625,2450,620,9020,16600,2485,1440,1480,14250,7200,2775,1360,8110,22350,5370,33250
2020-10-20,35000,2320,5040,85200,2285,29750,3060,7220,8638,11050,1345,1730,15600,1005,2470,18700,784,3055,48100,4475,20750,4130,4145,5560,6050,4215,4920,10200,1660,22750,851,991,2445,10350,5150,989,1950,2440,2785,3734,3600,2440,620,9140,16850,2485,1390,1410,14200,7320,2755,1340,8130,22100,5420,34150
2020-10-21,34950,2160,5060,83800,2675,29950,3145,7340,8308,10600,1300,1765,16000,1005,2425,19100,803,3065,48150,4485,20350,4290,4145,5720,6300,4315,4685,10250,1610,24100,830,991,2490,10250,5220,1005,1945,2440,2795,3711,3780,2465,620,9400,16650,2485,1350,1425,13400,7290,3095,1355,8150,22150,5430,35800
2020-10-22,33550,2075,4970,83300,2725,29150,3120,7420,7968,9800,1280,1705,14950,1005,2315,18150,774,2950,47350,4375,20000,4130,4145,5790,5900,4245,4250,10300,1500,23150,842,981,2495,9690,5080,999,1935,2440,2695,3617,3670,2430,620,8990,16150,2485,1325,1415,13150,7320,3095,1335,7750,21850,5400,34300
2020-10-23,32450,1905,4945,83900,2625,28700,3110,7330,7959,9670,1275,1695,14650,1005,2155,18200,747,3055,45750,4410,20650,4130,4145,5760,6000,4330,4330,10200,1540,22800,836,990,2535,9460,5010,998,1820,2440,2880,3589,3655,2400,620,8950,15950,2485,1325,1420,12750,7270,2850,1340,7690,21550,5390,35100
2020-10-26,31050,1910,4880,83200,2365,27200,3050,7140,7766,9250,1140,1645,13800,1005,2200,18650,733,2890,44950,4270,19800,3885,4725,5460,5470,4110,3990,9670,1580,21500,849,984,2520,8990,5030,972,1850,2440,2830,3476,3385,2300,620,8560,15100,2485,1240,1605,12100,7270,2840,1300,7140,20500,5220,32800
2020-10-27,31550,1980,4880,82600,2325,27550,3050,7070,8005,9560,1200,1645,14300,1005,2120,18000,702,2715,45900,4175,20150,3795,4725,5340,5370,4115,3950,9600,1570,23150,832,995,2595,9160,4900,962,1855,2440,2900,3467,3450,2295,620,8490,15150,2485,1250,1830,12250,7320,2815,1285,7340,21100,5150,33200
2020-10-28,32650,2010,4980,82900,2375,28700,3110,7290,8409,9730,1375,1625,13900,1005,2155,18350,714,3050,47300,4270,20600,3935,4725,5540,5480,4220,4145,9770,1630,24400,800,1055,2540,9490,5090,976,1865,2440,2845,3565,3620,2355,620,8700,15650,2485,1295,1705,12950,7300,2930,1340,7650,21800,5230,35600
2020-10-29,33400,1955,5040,81700,2405,29150,3050,7300,8308,9500,1220,1665,14900,1005,2095,18400,701,3140,47350,4205,20500,3985,4725,5440,5310,4265,4145,9640,1645,24300,792,1200,2515,9580,5180,1000,1815,2440,2790,3570,3600,2355,620,8550,15450,2485,1350,1985,12750,7150,2985,1340,7630,22050,5150,36150
2020-10-30,31950,2010,4915,79900,2345,28500,3030,7470,8454,9970,1130,1650,15100,1005,1990,17450,693,2990,45500,4305,20250,3910,4020,5490,5260,4155,4220,9430,1650,23300,792,1160,2505,9100,5030,973,1720,2440,2650,3505,3500,2355,620,8430,15100,2485,1260,1850,12450,7120,2805,1290,7250,21500,5070,33850
2020-11-02,32100,2055,4965,79600,2285,28500,3030,7460,8702,10400,1200,1720,14750,1005,2085,17800,700,3065,45850,4390,20800,4000,4020,5490,5400,4190,4335,9470,1825,23900,843,1155,2560,9000,5100,979,1740,2440,2585,3486,3705,2320,620,8470,15100,2485,1250,2030,12450,7190,2855,1305,7440,21500,5030,35500
2020-11-03,32900,2080,4995,81400,2265,28850,3090,7530,8583,10450,1375,1735,15150,1005,2105,18100,718,3090,47050,4395,21250,4140,3430,5720,5410,4230,4330,9730,1845,24250,876,1220,2580,9320,5380,987,1760,2440,2585,3589,3650,2330,620,8520,15350,2485,1305,2245,12500,7320,3000,1330,7900,22550,5080,36900
2020-11-04,35500,1990,5070,83200,2285,29500,3130,7540,9271,10500,1415,1745,14500,1005,2085,17900,727,2825,47000,4440,22750,4180,3270,5740,5470,4245,4390,10050,1675,25150,871,1190,2545,9700,5250,979,1795,2440,2610,3570,3760,2320,620,8670,15950,2485,1300,2600,12800,7480,2965,1385,8000,23800,5130,33600
2020-11-05,35700,2110,5090,86100,2330,29650,3150,7600,9317,10850,1625,1865,15750,1005,2035,18300,716,3055,48450,4510,22950,4190,2815,5730,5650,4325,4405,10150,1775,25050,866,1195,2555,9720,5360,979,1800,2440,2605,3772,3780,2480,620,8790,15900,2485,1380,2585,13100,7490,2940,1405,8120,24100,5220,35900
2020-11-06,34950,2145,5060,86300,2270,30450,3130,7590,8950,10900,1385,1835,15350,1005,1990,18000,705,3125,47150,4610,22950,4125,2425,5760,5520,4285,4335,9970,1750,24600,843,1220,2540,9600,5280,985,1785,2440,2580,3739,3755,2420,620,8740,15800,2485,1430,2705,13050,7710,2955,1410,8040,24150,5250,36200
2020-11-09,35000,2355,5120,86000,2305,30350,3080,7650,8803,11100,1380,1855,15600,1005,2140,18050,721,4055,47750,4615,23300,4160,2785,5740,5790,4415,4365,10100,1795,24600,855,1220,2615,9730,5310,1005,1820,2440,2635,3847,3915,2440,620,8840,15900,2485,1465,2605,13700,7950,3065,1435,8110,24150,5290,42650
2020-11-10,34150,2270,5030,86500,2420,29600,3040,7680,8776,11400,1365,1930,15300,1005,2140,18550,720,4090,46950,4485,23200,4065,3195,5720,5730,4400,4370,10000,1750,24550,834,1180,2625,9520,5320,1055,1805,2440,2615,3879,3920,2475,620,8770,15650,2485,1460,2685,14450,7850,3045,1450,7990,23400,5290,41700
2020-11-11,34300,2165,5010,87000,2425,29600,3100,7740,8601,11100,1320,1875,14800,1005,2035,18100,735,3765,47600,4445,23650,4005,3665,5600,5600,4395,4360,10050,1750,24500,815,1140,2600,9300,5360,1055,1780,2440,2620,3837,3865,2450,620,8790,15700,2485,1430,2785,14350,7650,3005,1410,7920,22850,5280,39050
2020-11-12,33800,2055,5020,88100,2490,29150,3090,7930,8555,10750,1320,1910,14500,1005,2030,18200,735,3805,48400,4535,24150,4060,3665,5580,5690,4435,4225,10700,1745,24350,815,1120,2630,9330,5460,1100,1800,2440,2675,3767,3835,2450,620,8720,15350,2485,1410,2700,13750,7690,3005,1405,7810,23200,5300,38900
2020-11-13,34550,2105,5020,89700,2450,30000,3050,7540,8418,10450,1420,1960,14750,1005,2045,17950,733,3740,48300,4375,23550,3985,3665,5600,5690,4370,4250,10650,1800,24750,814,1060,2695,9830,5300,1070,1845,2440,2635,3865,3850,2400,620,8640,15150,2485,1465,2700,12950,7660,3030,1415,7800,23050,5380,38450
2020-11-16,34700,2080,5350,98000,2400,31450,3070,7570,8335,10550,1405,2130,15200,1005,2035,18350,752,3775,51200,4340,23200,4210,4190,5700,5660,4420,4240,10900,1670,26000,802,1040,2715,10350,5310,1015,1865,2440,2600,4128,3850,2460,620,8890,15300,2485,1425,2475,12650,7800,3000,1410,8710,25150,5500,39150
2020-11-17,34000,2150,5330,98100,2425,30500,2985,7500,8170,11200,1470,2115,15000,1005,1975,18150,743,3740,48600,4240,23100,4110,4305,5400,5490,4330,4160,10800,1850,25150,761,1010,2765,10250,5210,1030,1865,2440,2485,4076,3770,2430,620,8780,15100,2485,1385,2475,12950,7810,2950,1410,8370,24800,5350,38650
2020-11-18,33750,2110,5310,98000,2360,30900,3005,7480,8500,11200,1580,2160,15000,1005,2000,18400,750,3790,48850,4320,23250,4095,4735,5400,5530,4405,4110,10900,1870,25200,789,997,2950,10200,5320,1035,1830,2440,2475,4086,3760,2440,620,8700,15100,2485,1390,2415,12900,7820,2985,1420,8340,24900,5370,40400
2020-11-19,33900,2095,5370,98200,2325,31800,3010,7490,8601,11150,1355,2325,14850,1005,2000,18350,767,3835,50200,4230,26100,4055,4730,5400,5510,4515,4150,10950,1890,25350,900,1005,3095,10250,5280,1075,1810,2440,2480,4081,3840,2435,620,8650,15100,2485,1465,2300,13000,7600,2980,1435,8460,25700,5410,39950
2020-11-20,34000,2090,5380,96800,2385,32150,3045,7500,8950,11450,1215,2470,15050,1005,2155,19050,770,3810,49500,4255,24750,4190,4730,5430,5640,4505,4225,11050,2090,25350,950,1010,3390,10750,5350,1090,1850,2440,2570,4292,3815,2455,620,8730,15300,2485,1460,2380,13100,7550,3010,1460,8380,25150,5400,39850
2020-11-23,34750,2075,5420,100000,2415,32100,3005,7550,8721,11450,1360,2500,14900,1005,2220,19150,765,3770,49500,4250,24200,4170,5000,5420,5630,4450,4175,11050,2110,25850,919,1005,3160,10800,5310,1415,1825,2440,2505,4385,3795,2470,620,8770,15050,2485,1415,2150,13250,7550,2965,1450,8540,25600,5400,39050
2020-11-24,34700,2695,5400,98600,2430,32700,3025,7820,8427,11650,1525,2500,15550,1005,2155,18600,788,3825,49350,4295,25000,4185,5010,5490,5720,4915,4420,11150,1790,26800,920,996,3240,10850,5430,1390,1835,2440,2585,4432,4025,2475,620,8930,15200,2485,1545,2500,13750,7370,3020,1495,8440,25350,5390,40000
2020-11-25,36600,2725,5230,97200,2350,31650,2945,7570,8583,11200,1735,2590,15050,1005,2290,18350,766,3740,48950,4225,24550,4100,5340,5470,5520,4930,4205,11000,1875,25800,880,1095,3215,11100,5250,1465,1795,2440,2585,4310,3860,2425,620,9180,14900,2485,1445,2505,12850,7340,3110,1410,8210,24550,5330,39100
2020-11-26,37300,2745,5270,99400,2320,31900,2875,7610,8491,11150,1490,2850,14900,1005,2255,18450,762,3840,48350,4205,24250,4035,5420,5470,5850,4835,4370,11400,1785,26250,869,1055,3210,11350,5210,1455,1810,2440,2525,4404,3835,2475,620,9150,14800,2485,1425,2475,12900,7320,3025,1415,8320,25000,5360,39700
2020-11-27,36600,2795,5280,98800,2335,32600,2890,7440,8464,11100,1660,2450,15050,1005,2310,18750,762,3860,48450,4220,24400,4050,4610,5460,6070,4885,4330,11150,1895,26550,913,1030,3155,11700,5170,1510,1820,2440,2415,4479,3850,2540,620,9180,14900,2485,1405,2405,12950,7350,3010,1425,8460,24900,5350,40000
2020-11-30,35450,2750,5330,97500,2340,32100,2920,7440,8794,10900,1695,2650,15050,1005,2230,18750,785,4045,47000,4190,24800,3945,4610,5440,5880,4750,4235,11250,2080,26300,890,1070,3100,11600,5160,1465,1805,2440,2290,4142,3770,2520,620,9050,15050,2485,1460,2355,13050,7300,3000,1395,8350,24700,5330,39400
2020-12-01,35800,2790,5290,100500,2380,31500,2900,7530,8849,10700,1445,2695,14900,1005,2225,18600,775,3945,48100,4215,24200,3950,4610,5470,5970,4860,4215,11200,2250,26200,886,1145,3240,11400,5130,1455,1810,2440,2270,4034,3745,2500,620,8970,14900,2485,1420,2325,12900,7230,3030,1380,8300,24550,5340,39600
2020-12-02,36700,3220,5500,109000,2445,32300,2900,7680,9822,11000,1315,2900,14850,1005,2185,18600,784,3900,48250,4105,24050,3930,4610,5550,6020,4935,4280,11400,2370,26650,911,1080,3245,11150,5300,1480,1960,2440,2950,4310,3800,2575,620,8980,14750,2485,1465,2340,13250,7230,3120,1410,8460,25600,5350,39150
2020-12-03,35850,3210,5500,111500,2380,31550,2875,7670,9455,10700,1445,2865,14550,1005,2230,18900,779,3860,49750,4070,23650,3885,4300,5560,5900,4930,4165,11850,2370,26750,884,1105,3165,11000,5230,1460,1965,2440,2880,4343,3750,2555,620,8730,15750,2485,1450,2305,12950,7240,3140,1415,8400,24850,5480,38000
2020-12-04,34950,3050,5420,115000,2330,31650,2900,7690,9115,10400,1595,2775,13900,1005,2200,19100,761,3810,51600,4020,23000,3905,4300,5470,5740,5090,4050,12500,2355,26250,862,1065,3150,10950,5210,1390,1910,2440,2800,4235,3695,2510,620,8810,15800,2485,1445,2300,12250,7450,3175,1415,8200,24700,5400,36900
2020-12-07,35300,3100,5350,118000,2280,31200,2875,7470,8996,10200,1365,2730,13800,1005,2300,18900,750,3860,50800,3995,23750,3810,4590,5430,5930,4990,4000,12650,2310,25500,828,1085,3095,10900,5140,1400,1855,2440,2795,4095,3630,2510,620,8660,15850,2485,1470,2300,11750,7350,3110,1390,8030,24850,5380,37700
2020-12-08,35000,3040,5320,115000,2305,32500,2880,7460,8895,10200,1270,2665,14050,1005,2210,18900,763,3810,51000,4060,23650,3765,4590,5420,5760,4845,3980,13400,2195,25500,811,1080,3005,11200,5090,1420,1845,2440,2785,4071,3645,2475,620,8520,16150,2485,1450,2420,11800,7330,3055,1370,8040,24600,5420,37250
2020-12-09,35150,3045,5340,120500,2330,32400,2870,7730,8996,10100,1280,2690,14200,1005,2210,19350,775,3855,50000,4070,24700,3815,5210,5490,5870,4780,4045,15200,2140,25500,800,1080,2885,10900,5280,1380,1875,2440,2700,4104,3650,2475,620,8610,16100,2485,1450,2695,12100,7130,3125,1385,8180,25400,5450,37650
2020-12-10,35350,2960,5410,116500,2310,33500,2895,7920,9271,10400,1315,2630,14250,1005,2215,19550,782,3830,50600,4090,23800,3860,4430,5430,5780,4750,4060,15300,2020,25500,817,1090,2925,11050,5340,1435,1845,2440,2665,4221,3630,2520,620,8640,15950,2485,1445,2865,12300,7150,3080,1370,8240,25700,5460,38000
2020-12-11,35850,2920,5360,115500,2295,33600,2900,7880,9317,10450,1460,2645,14300,1005,2225,19700,779,3850,51500,4140,24000,3900,4430,5470,5770,4755,4015,15000,2120,25700,815,1070,3085,11000,5310,1410,1870,2440,2780,4385,3705,2500,620,8500,15750,2485,1515,3010,12550,7200,3035,1375,8610,25050,5430,37900
2020-12-14,35200,2820,5230,117000,2270,32850,2885,7750,9180,10150,1355,2520,14050,1005,2190,19400,772,3965,53100,4065,23600,3850,4430,6040,5670,4630,3975,15050,2190,25000,820,1060,3225,10700,5180,1450,1820,2440,2705,4507,3630,2455,620,8530,15600,2485,1570,2950,12050,7160,3050,1355,8420,24800,5350,37250
2020-12-15,34900,3010,5270,117500,2230,32900,2835,8700,9685,10200,1510,2805,14700,1005,2165,20300,772,3915,53100,4020,23600,3850,4430,6070,5550,4680,4025,15300,2140,25050,816,1025,3220,10800,5190,1430,1800,2440,2580,4835,3625,2430,620,8520,15900,2485,2040,2935,12250,7250,2990,1350,8520,24900,5390,37300
2020-12-16,34950,2985,5430,117500,2265,33900,2865,8980,10511,10350,1360,2905,14300,1005,2080,20350,828,3930,55300,4020,23250,3875,5030,6120,5580,4765,4000,15750,2200,25100,801,1005,3220,11000,5230,1480,1830,2440,2625,5538,3635,2440,620,8470,15900,2485,2050,2850,12350,7120,3000,1350,8780,25500,5400,39100
2020-12-17,36350,3000,5520,119500,2350,33800,2870,10600,10511,10300,1330,2995,14150,1005,2080,20400,810,3885,56500,4035,25100,4000,5690,6140,5560,4700,4030,17000,2200,27300,774,971,3195,11250,5200,1470,1815,2440,2565,5707,3705,2450,620,8560,15900,2485,1965,2770,12500,7110,3035,1330,8980,26950,5410,39050
2020-12-18,35600,3010,5450,118500,2350,33800,2845,10500,10694,10250,1425,2975,14250,1005,2035,19950,814,3800,56300,4050,25700,4220,5530,6160,5510,4760,3980,16250,2105,27750,823,966,3175,11400,5220,1430,1815,2440,2580,5547,3680,2490,620,8480,15700,2485,2030,2870,12550,7060,3025,1320,9100,27050,5400,38700
2020-12-21,36500,3060,5380,116000,2385,33700,3105,10350,10970,10050,1425,2900,14000,1005,2055,19250,798,3715,55200,4830,24000,4340,4710,6210,5550,4735,3860,16450,1930,27400,873,934,3110,12500,5200,1410,1785,2440,2540,5650,3620,2480,620,8580,15200,2485,1925,2880,12150,7640,2995,1305,9030,26750,5310,39150
2020-12-22,39000,2995,5290,112500,2310,33150,2960,9730,10740,10200,1425,2825,14200,1005,2000,18800,763,3420,53200,4555,23800,4115,4840,5980,5230,4615,3960,15750,2050,26850,842,920,3025,11850,5030,1390,1725,2440,2465,5604,3500,2410,620,8310,14950,2485,1830,2750,12850,7230,2925,1285,8540,26000,5220,37800
2020-12-23,40100,2935,5320,116000,2305,33650,3030,10050,10694,10400,1505,2790,14000,1005,1975,19450,794,3370,54900,4630,23650,4140,5540,6050,5250,4550,4240,15850,1930,28050,809,905,3150,11800,4975,1395,1735,2440,2440,5566,3500,2350,620,8200,15800,2485,1785,2425,12950,7280,2900,1280,8710,26200,5220,37600
2020-12-24,42950,2805,5430,118000,2330,34800,3120,10150,11429,10050,1305,2790,14000,1005,2010,19400,802,3305,54500,4710,23600,4170,5430,6020,5350,4555,4125,16200,1875,28600,819,902,3180,12550,5100,1495,1770,2440,2435,5772,3520,2365,620,8450,15400,2485,1775,2780,12450,7340,2920,1260,8900,26550,5170,37500
2020-12-28,46250,2720,5470,115500,2270,34800,3155,13150,11750,9650,1395,2840,14150,1005,1955,19400,790,3240,57000,5050,24350,4280,5240,5850,5610,4520,4030,16300,1685,28400,803,891,3160,13200,5080,1510,1790,2440,2615,5763,3490,2370,620,8330,15750,2485,1745,2730,12150,7510,2950,1240,9340,26500,5160,37300
2020-12-29,49150,2820,5570,116000,2315,35000,3500,13050,12100,9900,1500,2990,14650,1005,2040,19800,818,3285,56700,5050,25400,4315,4465,5740,5700,4555,4135,17700,1715,28500,847,870,3260,13600,5240,1545,1825,2440,2565,6288,3570,2440,620,8600,16300,2485,1895,2750,12450,7890,2880,1275,9380,27150,5310,39050
2020-12-30,51000,2935,5770,118500,2350,42500,3405,12800,12400,10300,1525,3115,15100,1005,2110,20550,853,3440,58200,5090,26950,4300,4990,6060,5800,4585,4315,17700,1605,30450,812,867,3265,14750,5260,1550,1860,2440,2565,6316,3745,2495,620,9490,16600,2485,1860,2630,13000,8200,2885,1305,11350,28600,5400,39850
